gene	variants	psm_count
COL6A1	R>H	6
IGHG2	V>M	2246
IGHG2	S>A	4
IGHG2	P>T	2
SLC38A10	A>G	1
SLC38A10	I>-	16
HDGF	P>L	75
SERPINA1	E>V	145
SERPINA1	E>D	1332
SERPINA1	D>N	77
AKAP12	P>L	3
AKAP12	K>Q	204
AKAP12	->E	161
AKAP12	E>D	128
AKAP12	K>E	36
AKAP12	V>M	16
AKAP12	E>G	19
AKAP12	E>K	34
CHGB	P>L	6
CHGB	T>A	55
CHGB	S>T	45
CHGB	N>H	72
CHGB	D>N	42
CHGB	A>G	127
CHGB	R>Q	23
CHGB	K>N	26
COL6A2	R>H	2546
COL6A2	I>L	6
COL6A2	D>N	373
COL6A2	A>V	2
CORO7	R>Q	14
CORO7	D>N	37
MGAM	N>D	9
MGAM	E>Q	4
PLEC	V>I	5
PLEC	R>W	25
PLEC	R>H	363
PLEC	R>Q	185
PLEC	S>P	1
PLEC	A>V	218
PLEC	H>R	2
PLEC	T>M	20
IGHG3	V>M	662
IGHG3	Q>E	7
IGHG3	V>I	76
IGHG3	N>K	46
IGHG3	E>Q	255
IGHG3	R>H	76
IGHG3	L>W	11
IGHG3	C>D	38
IGHG3	F>Y	76
IGHG3	P>R	38
ITPKB	S>A	13
ITPKB	P>Q	8
CBR4	L>M	347
THRAP3	A>V	173
LMO7	P>R	1
LMO7	R>C	1
LMO7	P>S	9
LMO7	M>T	102
LMO7	V>M	1
LMO7	V>I	14
PSMD13	N>S	128
MYH11	A>T	513
MYH11	V>A	460
MYH11	L>I	555
CAND2	H>P	16
PGM1	R>C	22
PGM1	I>V	139
FGL1	I>V	61
GOLGA3	P>L	24
GOLGA3	D>N	3
GOLGA3	N>S	4
NOP56	V>A	62
NOP56	M>T	15
NOP56	I>V	21
PDCD4	D>N	38
SORBS3	E>K	1
SORBS3	T>A	13
SORBS3	I>T	114
CAVIN2	Q>E	7
RRBP1	L>H	39
RRBP1	R>L	91
RRBP1	Q>K	19
RRBP1	S>A	45
RRBP1	R>K	45
RRBP1	K>R	3
RRBP1	S>L	509
RRBP1	A>D	19
RRBP1	G>D	25
RRBP1	Q>R	3
PCMT1	V>I	152
SLC30A9	T>A	40
GAA	V>I	1
GAA	H>R	133
GAA	R>H	57
GAA	E>K	5
GSPT1	V>A	268
EML4	I>V	42
CYBRD1	S>N	241
IGKV1D-39	K>R	16
IGKV1D-39	S>G	16
APIP	C>Y	124
CD99	A>-	32
CD99	M>V	87
CD99	G>R	3
CD99	N>I	73
CD99	->A	191
CD99	D>N	209
IQGAP2	->A	1
IQGAP2	D>E	244
IQGAP2	I>V	102
IQGAP2	L>F	93
IQGAP2	K>E	252
SYTL4	I>V	62
AHNAK	D>G	39
AHNAK	S>P	23
AHNAK	C>Y	51
AHNAK	I>L	3
AHNAK	S>K	1
AHNAK	L>V	19
AHNAK	P>T	34
AHNAK	Q>K	38
AHNAK	->E	1
AHNAK	G>V	20
AHNAK	G>D	1
AHNAK	I>T	4
AHNAK	M>V	3
ESD	G>E	62
SLC44A2	Q>R	44
H1-6	V>L	32
H1-6	L>F	1
ENO3	V>A	154
ENO3	N>S	166
DNAJC10	L>I	9
DNAJC10	D>N	31
DNAJC10	H>Q	15
GFAP	T>A	30
GFAP	D>N	11
IGHV3-74	Y>S	2
IGHV3-74	L>V	116
GPLD1	T>I	22
DMD	N>K	1
DMD	R>H	57
DMD	D>N	8
DMD	N>D	3
DMD	K>Q	40
DMD	R>W	4
DMD	E>V	3
DMD	D>G	27
CTSC	I>T	15
CTSC	I>V	11
ATP6V1E2	D>N	12
ARHGEF18	Q>R	11
C8A	E>Q	21
C8A	Q>K	3
C8A	D>N	115
C8A	P>L	21
KRT7	A>T	5
KRT7	H>R	84
FABP1	T>A	808
PALM	T>A	33
SUMF2	D>E	28
MYH9	I>V	198
PPL	E>Q	30
PPL	R>S	1
PPL	L>M	1
PPL	A>V	18
PPL	Q>E	22
MYOM3	M>T	51
MYOM3	R>Q	6
MYOM3	I>T	28
MYOM3	D>H	13
MYOM3	D>G	5
MYOM3	P>S	1
ACAT2	K>R	15
CHD4	E>D	11
GTF3C3	N>S	3
SLK	E>Q	4
SLK	T>I	18
SLK	C>Y	57
IGKV1-8	F>L	22
IGKV2D-29	P>S	25
GSTO1	E>K	1
GSTO1	S>L	2
GSTO1	K>E	2
GSTO1	A>D	180
GSTO1	E>L	2
CLU	D>N	195
CLU	N>H	2
RPL13	A>T	43
ADD1	G>W	34
ADD1	S>C	45
TG	D>G	190
TG	V>L	1
TG	G>R	1
TG	W>R	319
TG	P>L	1
TG	M>V	509
TG	S>A	334
TG	G>D	3
TG	R>W	2
TG	S>L	51
TG	R>Q	198
TG	A>T	4
GLRX5	A>T	14
TRDN	I>S	32
TRDN	D>E	1
TNKS1BP1	Y>S	2
TNKS1BP1	T>S	11
TNKS1BP1	H>R	4
TNKS1BP1	P>S	9
TNKS1BP1	V>A	1
CFH	Q>E	3
CFH	V>I	14
CFH	E>D	25
HCLS1	E>K	139
HCLS1	I>L	57
HCLS1	T>A	77
TNXB	R>H	9
TNXB	E>K	1
TNXB	V>M	27
TNXB	T>M	27
TNXB	S>A	5
TNXB	F>Y	8
HSPB6	S>T	6
ETFB	T>M	12
SYNPO2	G>A	144
SYNPO2	Q>H	83
SYNPO2	T>A	434
SYNPO2	A>T	1
SYNPO2	R>-	232
TPSAB1	V>I	8
TPSAB1	V>L	23
TPSAB1	T>M	1
TPSAB1	G>D	1
TPSAB1	Q>K	52
TPSAB1	R>P	1
AHNAK2	L>S	52
AHNAK2	D>H	1
AHNAK2	Y>D	9
AHNAK2	Q>A	35
AHNAK2	P>L	10
AHNAK2	S>L	15
AHNAK2	E>Q	6
AHNAK2	L>I	6
AHNAK2	R>H	2
AHNAK2	P>S	27
AHNAK2	T>A	21
AHNAK2	D>N	142
AHNAK2	E>K	1
AHNAK2	M>V	43
AHNAK2	L>V	3
AHNAK2	A>V	1
AHNAK2	K>R	2
AHNAK2	M>L	28
AHNAK2	C>S	2
AHNAK2	S>M	6
AHNAK2	P>A	21
AHNAK2	G>E	5
AHNAK2	V>M	5
AHNAK2	V>I	17
AHNAK2	K>-	2
AHNAK2	M>I	27
FLG	S>Y	31
FLG	S>T	15
FLG	E>D	2
FLG	N>R	19
FLG	Q>G	1
FLG	E>Q	21
FLG	R>-	26
FLG	S>P	1
FLG	D>E	8
FLG	R>H	2
FLG	G>S	5
FLG	T>I	12
FLG	S>A	61
FLG	A>V	60
FLG	R>S	2
FLG	T>A	2
FLG	Q>E	18
FLG	H>Q	17
FLG	N>C	4
FLG	D>N	7
FLG	V>M	1
FLG	A>S	4
FLG	E>K	11
FLG	G>R	3
FLG	G>A	3
FLG	P>S	17
SUCLA2	S>T	128
TNC	V>I	5
TNC	G>V	1
TNC	R>K	3
TNC	A>T	20
TNC	Q>R	57
TNC	E>Q	2
PDLIM5	A>T	107
PDLIM5	T>A	110
PDLIM5	S>N	212
PDLIM5	S>F	17
PRKCSH	A>T	99
PRKCSH	E>-	5
ACTN2	D>N	172
KLK1	K>E	7
KLK1	E>Q	1
LAMA2	I>N	2
LAMA2	E>K	2
LAMA2	A>V	3
LAMA2	R>S	1
LAMA2	T>A	14
LAMA2	G>S	15
LAMA2	D>N	30
LAMA2	V>M	6
TBCK	M>I	2
TBCK	T>M	1
ADH1C	I>V	483
ADH1C	G>-	18
MYOF	Y>F	2
HSP90B1	E>-	61
C7	T>P	69
C7	S>T	91
C7	T>S	41
GSN	T>M	12
GSN	T>S	19
GSN	K>R	32
GSN	N>D	3
ZSCAN18	G>E	8
DCAF8	I>V	1
RTN3	V>A	3
RTN3	A>E	2
TBC1D9B	K>T	24
WNK1	M>I	2
WNK1	->G	2
SIGLEC1	A>V	7
SIGLEC1	V>M	2
HSPG2	M>V	458
HSPG2	S>N	20
HSPG2	R>Q	18
HSPG2	V>M	1
HSPG2	V>I	64
HSPG2	A>V	28
HSPG2	H>Y	25
HSPG2	A>T	61
HSPG2	G>S	75
HSPG2	S>G	8
HSPG2	Q>K	15
A2M	E>K	1
A2M	A>V	9
A2M	N>D	440
SYNM	V>L	1
SYNM	S>L	72
SYNM	V>A	44
SYNM	R>W	15
SYNM	E>G	131
SYNM	P>L	26
SYNM	V>I	41
SYNM	D>N	11
FLNB	E>Q	30
FLNB	D>N	50
FLNB	V>M	58
FEZ2	E>G	1
FEZ2	P>L	1
TRAPPC10	D>N	1
TRAPPC10	V>M	1
SEPTIN11	I>L	15
PPP1R2B	D>N	2
TMEM132A	A>V	1
SPEN	L>P	13
SPEN	N>D	2
DMAC1	P>T	34
ACAD9	R>Q	3
MUC2	R>C	4
MUC2	T>I	2
MUC2	D>N	4
MUC2	E>K	10
MUC2	V>M	42
UGT2A2	V>I	86
UGT2A2	M>I	86
SYNE2	S>N	5
SYNE2	A>V	43
SYNE2	S>G	16
SYNE2	M>T	1
SYNE2	N>H	2
SYNE2	N>S	1
SYNE2	I>L	1
SYNE2	P>A	1
SYNE2	D>H	34
SYNE2	L>M	15
SYNE2	H>R	15
SYNE2	I>V	9
SYNE2	A>T	5
SYNE2	D>N	11
POLR1A	P>A	9
POLR1A	K>E	1
ITGAV	V>I	84
INF2	P>-	3
HPS4	V>M	1
HPS4	H>Y	1
HPS4	S>I	1
PDCD6IP	N>S	31
PDCD6IP	S>L	46
ZXDC	P>A	8
CHGA	->E	3
CHGA	R>W	10
IST1	M>-	5
IST1	P>-	5
MCCC1	H>P	67
PRUNE2	N>D	3
PRUNE2	Q>E	1
PRUNE2	M>I	1
PRUNE2	L>I	8
PRUNE2	S>P	49
PRUNE2	C>R	26
NUCB2	Q>E	10
NUCB2	Q>-	15
SARDH	R>H	13
KLHL15	H>Y	1
WDR4	K>N	1
ANKLE2	H>Y	1
ANKLE2	Q>E	2
ANKLE2	D>N	12
PFAS	P>L	5
PFAS	P>S	6
PFAS	L>P	13
NDUFV3	D>N	15
RIPK2	I>T	1
SERPINF1	T>M	4
SEC23IP	K>E	1
MIA3	K>R	1
MIA3	E>G	2
MIA3	K>E	11
ZNF579	->G	2
SON	R>C	7
TAP1	R>Q	6
TAP1	G>C	1
TAP1	D>G	32
ATXN1	->Q	4
NIBAN1	L>P	33
NIBAN1	N>H	12
NIBAN1	S>L	6
PTPRN2	S>P	2
PTPRN2	R>H	9
LAMA5	H>Y	5
LAMA5	A>T	12
LAMA5	V>M	13
LAMA5	A>V	1
LAMA5	R>H	14
LAMA5	M>T	54
LAMA5	H>L	4
LAMA5	F>S	55
LAMA5	T>A	162
LAMA5	R>W	82
LAMA5	H>R	33
MROH1	A>V	2
HLA-B	V>A	7
HLA-B	S>A	14
HLA-B	Y>L	12
HLA-B	Y>S	3
HLA-B	Y>F	10
HLA-B	Y>H	14
HLA-B	D>L	49
HLA-B	D>F	14
HLA-B	V>M	14
HLA-B	D>H	17
HLA-B	Y>C	6
HLA-B	R>S	23
HLA-B	I>V	7
HLA-B	F>C	6
HLA-B	S>F	10
HLA-B	S>L	12
HLA-B	D>N	85
CLGN	A>S	2
CLGN	V>I	2
FCGBP	P>L	31
FCGBP	S>A	6
FCGBP	Q>E	35
FCGBP	G>R	2
FCGBP	P>S	2
FCGBP	A>T	10
FCGBP	R>H	136
FCGBP	E>K	14
FLVCR1	A>P	2
PNPLA6	A>P	8
PRL	S>F	2
CYP2C9	K>-	1
CYP2C9	I>L	5
CYP2C9	R>C	21
GSTM1	N>S	1
GSTM1	A>T	1
GSTM1	A>P	3
GSTM1	V>L	2
EPB41L3	P>S	2
EPB41L3	E>Q	24
PARP10	I>V	4
HAL	V>I	73
AKAP9	N>S	1
AKAP9	K>R	2
AKAP9	P>S	20
LRRFIP1	R>G	17
LRRFIP1	Q>R	1
LRRFIP1	K>E	6
LRRFIP1	P>L	6
LRRFIP1	H>D	80
OBSL1	R>K	2
MUC5AC	T>A	2
MUC5AC	R>Q	61
MUC5AC	R>H	69
MUC5AC	V>F	1
MUC5AC	R>W	10
MUC5AC	A>K	7
MUC5AC	A>V	1
MUC5AC	S>R	16
MUC5AC	S>N	1
MUC5AC	G>S	2
MUC5AC	T>I	5
MUC5AC	P>T	4
MUC5AC	D>E	15
MUC5AC	S>F	1
MUC5AC	H>Q	10
DMRT2	A>P	2
PNP	G>S	47
ANPEP	E>Q	47
ANPEP	R>Q	8
ANPEP	S>N	1
ANPEP	I>M	17
FLG2	C>S	1
FLG2	R>Q	10
FLG2	E>K	1
FLG2	G>E	1
PNPLA2	L>P	4
SDHAF1	C>S	23
PRODH	A>T	5
PRODH	R>H	1
PRODH	P>S	1
HSD17B4	R>H	2
HSD17B4	W>R	4
LECT2	I>V	4
SETX	I>V	2
CDH11	T>M	3
CDH11	M>I	3
NID1	V>I	74
NID1	Q>R	49
NID1	V>M	2
NID1	Q>H	6
ALDH1L1	L>P	2
ALDH1L1	D>G	113
ALDH1L1	E>A	3
ALDH1L1	I>V	27
TANC1	T>A	18
TANC1	P>S	1
MEGF6	L>P	2
MEGF6	A>V	1
MEGF6	G>A	2
EPPK1	E>A	1
EPPK1	R>W	2
EPPK1	A>-	40
EPPK1	D>N	67
EPPK1	A>R	85
EPPK1	T>A	22
EPPK1	R>C	6
EPPK1	F>S	1
EPPK1	R>Q	1
EPPK1	V>M	1
EPPK1	L>V	8
EPPK1	Y>C	1
EPPK1	T>-	2
EPPK1	R>H	1
EPPK1	D>E	15
EPPK1	K>E	15
EPPK1	A>V	22
EPPK1	Q>R	2
EPPK1	A>T	24
LYZ	T>N	27
MDN1	A>S	2
MDN1	I>V	2
MDN1	H>Y	1
IFI16	S>T	180
IFI16	Y>N	178
IFI16	R>S	178
IFI16	S>F	7
OPLAH	V>I	1
OPLAH	S>R	3
OPLAH	R>Q	3
ATXN2	Q>-	16
TDRP	A>-	3
GLYATL1B	N>D	1
MMUT	A>T	40
MMUT	I>V	120
MMUT	R>H	30
MMUT	E>Q	6
MAP4	L>V	24
MAP4	W>C	2
MAP4	V>I	141
MAP4	E>Q	64
MAP4	T>S	1
MAP4	S>Y	5
CRACR2B	R>Q	6
APPL1	E>G	14
SDF2L1	D>N	18
ANXA8	G>A	2
ANXA8	D>N	2
GRIPAP1	L>P	2
ADPRHL1	P>-	2
ADPRHL1	A>S	3
ADPRHL1	R>W	3
ADPRHL1	->S	1
PGAP6	T>A	1
PGAP6	P>L	1
SLC4A2	G>E	5
SLC4A2	E>-	1
SLC4A2	A>-	1
HLA-DMB	S>N	4
SYNPO	V>M	1
NID2	R>Q	7
NID2	G>D	172
NID2	G>V	119
NID2	P>H	5
NID2	P>L	6
NID2	P>S	1
CAVIN3	L>P	1
CAVIN3	R>P	258
PALM2AKAP2	K>Q	97
PALM2AKAP2	->A	1
PALM2AKAP2	->E	1
FRY	G>S	1
FRY	C>S	1
GPRIN2	R>G	4
GPRIN2	V>A	2
PRRC2C	A>T	7
PRRC2C	N>D	1
PRRC2C	D>N	3
IGKC	V>L	174
IGKC	S>N	9
LIPT2	A>V	1
VIM	Q>R	1
MRPL12	S>P	1
TTC38	R>-	1
TTC38	F>L	105
LTF	E>D	209
LTF	A>T	28
TSPYL6	P>A	1
TSPYL6	G>E	1
LTBP1	V>A	11
AIMP1	P>A	1
LAMB1	D>N	4
LAMB1	Q>R	16
LAMB1	I>T	4
LAMB1	P>S	15
SCRN2	M>V	247
SCRN2	E>Q	51
HMCN2	A>P	3
HMCN2	H>R	9
HMCN2	R>S	1
HMCN2	R>L	1
HMCN2	A>G	11
PLIN4	T>A	59
PLIN4	V>A	186
PLIN4	V>M	171
PLIN4	S>G	89
PLIN4	N>K	55
PLIN4	A>T	185
PLIN4	T>I	1
PLIN4	G>S	8
PLIN4	I>V	2
PLIN4	M>V	9
PLIN4	K>N	87
PLIN4	L>F	3
PLIN4	V>L	17
CEP192	L>P	3
CEP192	L>F	1
ATPAF1	S>G	2
BCO2	H>R	2
BCO2	L>P	6
FAM110C	I>T	4
CDKN1B	V>G	4
PPP1R3G	P>Q	6
MAGEB10	R>Q	1
MAGEB10	F>S	1
ABCC6	E>Q	7
ABCC6	I>V	2
SYNE1	K>R	31
SYNE1	D>N	14
SYNE1	F>V	70
SYNE1	S>T	12
SYNE1	G>A	6
CBR3	V>M	4
PLG	D>N	1
GRSF1	S>P	8
FERMT2	D>A	3
RTN4	A>T	12
PAWR	I>M	2
HGD	A>S	2
HGD	Q>H	5
PLEKHO2	P>S	1
ALDH4A1	V>M	31
ALDH4A1	V>I	33
MYOT	A>S	11
DNAJC3	E>Q	7
CRNN	P>L	4
CRNN	E>Q	4
ECH1	G>R	3
ECH1	E>A	99
NACA	S>T	1
PPIC	N>S	4
HRC	->E	1
HRC	S>P	1
ABAT	M>T	17
PGM2L1	L>P	23
PGM2L1	V>I	50
LAMC1	R>Q	13
LAMC1	N>S	17
LAMC1	L>P	129
LAMC1	I>V	118
COL18A1	V>M	2
COL18A1	D>N	126
HSD11B2	V>I	1
R3HDM2	R>H	2
SLC25A22	L>V	4
LY75	E>D	1
LY75	D>E	1
CLEC3B	G>S	177
CP	E>D	592
CP	E>K	1
CP	R>H	14
HDLBP	N>S	73
FERMT1	I>T	2
ACAN	Q>R	8
ACAN	D>E	2
ECHDC3	A>T	186
ECHDC3	D>N	68
CALCOCO2	P>A	5
CALCOCO2	G>E	6
ZFYVE19	S>A	17
PSG5	R>H	7
PSG5	T>S	2
PEAK1	S>T	6
OTC	Q>R	5
OTC	K>R	1
WASHC2A	G>R	6
WASHC2A	P>T	1
WASHC2A	G>E	1
C4BPA	I>T	31
SHF	A>P	3
CT47A3	P>L	3
KRT78	L>P	1
ORM2	D>N	33
RPL8	I>V	8
GPC4	A>V	25
SPARCL1	T>A	4
SPARCL1	H>D	8
SPARCL1	A>D	28
PSMF1	F>C	10
PRH2	R>C	75
MPRIP	S>-	64
MPRIP	P>Q	113
PLIN5	C>R	1
RPN2	G>D	9
RPN2	V>L	2
PIGR	G>S	23
PIGR	V>I	3
ZNF598	A>T	2
KRT1	S>G	12
ADD2	D>N	1
TACC3	G>E	2
DIS3	N>S	1
DIS3	E>K	4
SRP14	P>A	46
ARHGAP12	F>S	2
PDLIM1	N>S	109
IGHA1	E>D	82
ACOX2	Q>E	1
RWDD4	I>L	1
NHLRC1	P>L	1
SMTN	->S	1
SMTN	A>V	184
SMTN	A>P	559
SMTN	V>M	6
SMTN	E>Q	1
TUBB8	G>V	1
IGHG4	S>P	10
IGHG4	Q>P	18
IGHG4	A>T	2
IGHG4	V>I	62
PRRC2A	G>A	1
ALDH1B1	R>L	742
ALDH1B1	V>M	272
OBSCN	V>D	31
OBSCN	D>G	4
OBSCN	R>W	1
OBSCN	E>K	4
OBSCN	S>C	1
OBSCN	D>E	15
OBSCN	Y>C	2
OBSCN	V>M	16
OBSCN	F>L	7
OBSCN	G>S	31
OBSCN	L>V	6
OBSCN	Q>E	4
SCARF1	E>D	7
AK1	E>Q	26
CYP1B1	N>S	1
CYP1B1	R>G	1
CYP1B1	L>V	1
NIPSNAP3B	E>K	1
NIPSNAP3B	A>G	1
NIPSNAP3B	K>E	1
TBC1D10A	R>H	11
TRARG1	F>S	4
TRARG1	S>G	10
CYBA	V>A	45
SORBS1	T>A	26
SORBS1	R>H	5
SORBS1	L>P	241
SORBS1	Y>C	26
CRYBG3	S>F	2
CRYBG3	V>M	2
CLIC6	Q>E	9
HK3	T>S	1
FAM241A	G>E	32
GSTA2	S>T	6
PLVAP	P>L	7
HFM1	I>V	1
PIKFYVE	P>S	1
HBB	E>V	6
HBB	E>K	1
PALLD	S>G	12
KRT18	G>A	4
PIEZO1	P>S	2
PIEZO1	V>L	2
PIEZO1	P>L	1
FREM2	R>C	1
FREM2	L>I	2
FREM2	T>I	23
CRISP3	A>S	2
HYDIN	P>H	2
NTS	L>I	2
HNF1A	I>L	5
ANXA2	V>L	320
NUP210	A>V	5
NUP210	R>L	16
AGL	P>S	23
LAMC3	P>Q	3
LAMC3	R>Q	2
LAMC3	P>S	6
LAMC3	P>H	4
LAMC3	S>G	2
LAMC3	T>M	2
LAMC3	H>Q	10
LAMC3	E>G	1
SPTA1	G>E	2
SPTA1	A>D	9
SPTA1	D>N	1
SPTA1	C>R	77
SPTA1	Y>C	2
SPTA1	A>P	2
SPTA1	L>V	17
ARHGEF10L	I>V	3
RGPD3	E>Q	6
RGPD3	K>N	11
ATF7IP	N>I	4
TNS1	E>-	27
TNS1	V>I	56
TNS1	W>R	58
TNS1	N>S	9
TNS1	R>W	54
TNS1	->Q	4
CRIP1	A>V	124
TXNRD2	A>S	74
TXNRD2	E>Q	6
TXNRD2	S>R	7
TXNRD2	I>T	128
IPO4	P>A	1
IGLV10-54	V>A	1
IGLV10-54	I>N	2
CKAP4	A>T	25
CKAP4	P>-	145
PCK2	D>N	102
ANK1	A>V	5
VAV2	M>V	29
FGA	T>A	1
FGA	E>Q	4
SORD	Q>L	83
SORD	N>T	442
SELP	S>N	2
PRR33	T>A	6
LGALS2	D>N	15
WDR36	I>V	16
SALL2	S>P	1
EHD2	P>L	2
TMEM43	M>T	103
TMEM43	K>N	100
AKR1A1	N>S	77
LTBP4	D>N	13
LTBP4	T>M	16
LTBP4	V>I	19
LTBP4	T>A	18
ERAP1	Q>E	9
ERAP1	I>M	1
ERAP1	R>Q	7
ERAP1	K>R	9
RTF2	M>V	2
IGHV2-70D	D>G	1
IGHV2-70D	S>N	1
IGHV2-70D	K>Q	1
IGHV2-70D	G>A	1
PON1	L>M	88
PON1	I>L	19
EFHD1	A>V	1
EFHD1	K>R	55
D2HGDH	A>V	4
D2HGDH	V>I	2
SPEF2	N>K	1
SPEF2	I>T	1
SPEF2	N>H	1
SPEF2	D>N	3
DPEP1	E>Q	1
GPX1	P>L	24
GPX1	A>T	2
GPX1	A>L	15
CTBP2	L>P	2
ZYX	H>L	6
ZYX	L>I	4
ISG15	S>N	41
FAM114A1	V>I	17
FAM114A1	L>P	9
DPYSL2	P>R	1
DPYSL2	A>T	1
COL6A3	D>N	2
COL6A3	K>Q	63
COL6A3	D>H	23
COL6A3	P>L	16
COL6A3	T>M	3
COL6A3	A>P	9
COL6A3	A>-	1
COL6A3	T>I	12
SYNC	R>Q	22
SYNC	M>V	46
SVIL	P>A	51
SVIL	I>V	22
SVIL	V>L	1
SVIL	V>A	76
SVIL	V>I	14
MICALL2	A>V	1
MICALL2	A>P	6
ZNF318	V>A	2
POTEE	M>T	6
POTEE	A>V	6
POTEE	Y>F	6
POTEE	H>Q	22
POTEE	E>Q	38
KRT2	S>G	20
KRT2	G>D	8
PEX5	M>T	1
ANO10	E>Q	4
IGLV3-21	D>Y	2
IGLV3-21	V>I	15
PELP1	T>S	1
ERCC2	D>N	2
ERCC2	K>Q	1
EPS8L1	A>T	3
EPS8L1	K>R	4
EPS8L1	Q>E	9
AP3B1	V>E	54
AP3B1	A>-	1
TEP1	V>I	4
TEP1	S>P	1
TEP1	R>C	6
TEP1	I>M	2
MATN2	T>M	23
MATN2	D>N	5
VSIG10L	R>Q	1
PGM5	R>H	21
PGM5	D>N	25
COL1A2	V>M	43
NSUN2	P>Q	7
TPO	A>S	5
TPO	S>T	8
TPO	M>V	2
TPO	T>P	4
AKR7A2	A>T	3
TBC1D17	L>I	16
ALDH9A1	E>K	1
RSL1D1	S>F	1
IL12A	V>M	1
FBLN1	Q>R	1
FLNA	Q>-	3
FLNA	G>-	1
FLNA	V>-	108
NACAD	D>E	5
EEF1A2	V>G	1
EEF1A2	S>P	3
EEF1A2	Q>K	45
CEACAM5	I>V	8
CEACAM5	V>A	8
CEACAM5	E>K	34
OTULIN	D>N	1
PARP4	P>T	8
PARP4	M>T	9
PARP4	A>P	1
PARP4	R>C	30
PARP4	V>A	26
PARP4	S>Y	4
PARP4	F>Y	20
PARP4	L>R	26
PARP4	A>T	13
PARP4	L>P	28
PARP4	G>A	1
POF1B	M>L	92
ARHGAP18	T>A	9
RADIL	L>P	1
HERC1	E>D	1
HSPA6	A>V	2
PDIA4	T>M	7
PDIA4	D>N	91
HINT3	G>A	52
NPEPL1	L>V	3
SUN2	G>S	14
ASMTL	V>M	31
ASMTL	S>P	25
LRP1	T>I	2
LRP1	Q>P	61
MRPS17	S>T	1
MCEE	A>V	25
MCEE	R>L	76
MAP1B	P>L	4
COL5A1	D>N	4
COL5A1	G>S	2
THG1L	L>P	1
LUZP1	D>N	26
LUZP1	S>N	1
LUZP1	G>S	4
DPP3	R>H	3
DPP3	E>K	3
IGHG1	A>G	51
IGHG1	G>-	162
DST	R>H	4
DST	M>I	14
DST	A>T	5
DST	V>L	2
DST	D>N	5
MSH6	G>E	4
WDR1	I>V	78
MSRB2	E>G	3
MYO18A	R>Q	3
MYO18A	H>Y	5
MYO18A	A>V	38
EFL1	E>D	3
CSH1	D>N	112
RAB11FIP5	G>-	2
CHIA	I>V	1
CD226	S>G	2
PIH1D1	V>I	10
PIH1D1	M>L	48
PIH1D1	G>E	48
SERINC2	D>N	1
VAV3	D>N	2
VAV3	Q>H	1
VAV3	P>S	1
POTEI	A>T	8
POTEI	V>T	1
POTEI	M>T	1
RUNDC1	W>R	1
PHACTR4	L>I	1
IGHD	R>G	4
MRPL45	G>V	3
C5	E>D	2
UQCRC1	R>H	19
ADH7	G>A	4
FAT1	Q>P	2
FAT1	L>I	2
MMS19	G>D	12
LSR	S>N	6
LSR	S>R	6
NEFH	G>S	1
NEFH	E>K	22
GMPR	F>I	2
WDR47	->S	1
WDR47	->V	1
MAVS	S>F	28
MAVS	Q>E	18
MAVS	Q>K	30
TOPBP1	K>Q	2
PPIAL4E	L>F	107
PPIAL4E	A>V	107
PPIAL4E	A>T	107
PPIAL4F	L>F	107
PPIAL4F	A>V	107
PPIAL4F	A>T	107
MLIP	S>T	27
MLIP	V>I	31
ADGRF5	M>T	1
GLO1	E>A	18
ODAD2	R>Q	2
PSG6	H>D	4
PLOD1	A>T	1
LAD1	K>E	48
LAD1	V>-	14
LAD1	L>-	1
LAD1	V>F	1
LAD1	T>A	1
IFITM2	V>A	82
IFITM2	M>T	68
EIF3J	->S	8
EIF3J	A>T	4
CDH17	K>E	149
CDH17	E>D	13
GBP1	A>G	12
GBP1	Q>K	16
GBP1	T>S	243
POTEF	E>D	76
POTEF	E>K	1
POTEF	I>-	2
TNN	D>N	4
PCNT	V>A	11
PCNT	Q>H	8
PCNT	Q>R	5
PCNT	R>H	2
PCNT	G>E	1
TMEM128	L>I	17
ISM2	K>E	2
SPECC1	M>L	2
SPECC1	S>R	9
ECM1	G>S	23
ECM1	T>M	1
TPPP	G>A	7
CES1	A>S	2
CES1	I>T	1
CES1	S>N	56
CES1	R>P	1
XIAP	Q>P	14
WDR44	A>T	2
FPR1	E>A	9
PYGL	V>I	2
PTPN12	T>A	2
PTPN12	V>I	13
OVGP1	M>T	4
OVGP1	M>V	2
OVGP1	E>Q	2
OVGP1	S>G	10
GC	T>K	30
GC	H>R	98
GC	D>E	251
RCC1L	N>D	1
C1RL	A>T	1
C1RL	I>V	9
TACC2	A>T	11
TACC2	D>N	6
TACC2	V>A	19
TACC2	S>T	6
GRHPR	P>L	2
GRHPR	R>Q	2
CPOX	V>I	1
CPOX	R>C	2
CPOX	N>H	16
DHRS4L2	Q>H	1
DHRS4L2	A>V	1
LOXL1	R>L	15
NQO2	K>R	3
NQO2	G>D	9
TNS3	Q>H	1
TNS3	A>T	1
TNS3	R>W	3
IRS1	D>N	1
FHL5	V>M	12
FHL5	R>G	10
MYLK2	G>D	2
CD33	R>G	1
NAXD	K>E	15
PSMD9	V>A	254
FBN2	V>I	20
FBN2	E>Q	1
MPC1	L>I	32
MPC1	R>S	32
PRX	V>A	27
PRX	M>V	4
PRX	I>M	4
PRX	E>G	1
RAD23A	T>A	2
SDCBP2	G>R	2
SDCBP2	R>C	1
WDR62	L>F	2
WDR62	G>S	1
LLGL2	R>H	23
LLGL2	F>L	2
ITIH5	A>V	6
ITIH5	R>Q	6
ITIH5	T>P	127
SPINK5	S>N	5
SPINK5	R>Q	23
SPINK5	D>N	3
AKR1C2	F>Y	1
EPS8	D>E	1
PSME4	S>T	4
PLPP7	T>M	1
FAM171B	->Q	1
ENPP1	K>Q	10
LAMP3	I>V	3
DPCD	L>S	1
XDH	I>V	8
PREX1	V>M	6
PREX1	S>T	4
C6	A>E	101
DNAH7	L>P	1
DNAH7	I>V	1
C1R	I>L	21
QSOX2	K>E	3
EVPL	R>H	2
EVPL	Q>R	3
EVPL	A>V	2
PBXIP1	G>D	30
PARVB	V>A	138
KCTD3	F>V	2
RPS6KA1	K>T	4
PRNP	M>V	51
ACACB	Q>E	3
ACACB	V>I	3
DLST	F>Y	35
UBXN1	E>Q	3
SFTPD	S>T	5
EIF2AK3	A>S	1
EIF2AK3	S>C	1
IGHA2	R>Q	1
IGHA2	F>Y	1
IGHA2	Y>F	5
IGHA2	A>V	1
IGHA2	I>V	1
IGHA2	P>H	5
H2BC21	P>S	1
TUT7	K>-	21
CFI	T>A	14
EPCAM	Q>H	11
MYBBP1A	Q>E	3
MYBBP1A	M>L	3
B9D2	->L	1
B9D2	->D	1
SDHA	V>I	83
SDHA	Y>F	37
LRRC1	Y>C	3
GSDMB	P>S	8
GLRX3	P>S	22
GLRX3	Q>H	13
LONRF2	D>E	1
IGLV7-46	L>S	2
CWC27	P>A	3
LHB	L>-	8
MRC1	T>I	7
EEPD1	S>N	1
EEPD1	P>S	1
ABI3	F>S	57
SH3BGR	V>A	69
F13A1	V>L	174
F13A1	E>Q	322
F13A1	V>I	3
PKP2	A>V	1
PKP2	L>P	6
FRAS1	K>E	4
FRAS1	E>D	7
FRAS1	D>G	1
FRAS1	Y>D	6
FRAS1	D>N	3
RIN3	G>-	13
RIN3	H>R	1
TTN	L>I	1
TTN	T>M	5
TTN	A>P	61
TTN	E>Q	10
TTN	V>A	3
TTN	G>V	1
TTN	P>L	53
TTN	I>T	60
TTN	N>F	1
TTN	D>H	3
TTN	S>N	4
TTN	G>R	1
TTN	S>L	149
TTN	R>H	38
TTN	V>M	35
TTN	S>T	2
TTN	E>K	1
TTN	T>I	79
TTN	N>D	60
TTN	V>I	38
TTN	R>G	4
TTN	Y>C	26
TTN	I>V	30
TTN	L>P	1
TTN	N>S	6
NUP205	L>V	6
UTRN	A>S	1
UTRN	N>S	4
IGKV2-30	Y>H	40
C2orf72	A>G	17
OLFML1	E>V	21
NCOR2	->Q	5
GMPPB	Q>R	248
PLCD1	R>H	1
PLCD1	D>N	31
TPSB2	N>K	16
ALG12	I>V	2
MIA2	E>Q	95
HMGB2	E>-	7
HNRNPH3	G>A	14
APOL4	I>L	1
BCAS1	S>P	4
BCAS1	Q>K	5
BCAS1	Q>H	3
CST5	V>F	4
LPA	R>C	5
ATXN7	S>L	1
ABCC2	C>Y	3
ABCC2	I>L	2
GH1	F>Y	39
DOCK10	D>N	4
XYLB	D>E	3
HIVEP1	M>I	1
HIVEP1	T>A	1
PGP	D>N	1
TDRKH	D>N	1
SMC5	Q>E	1
WDR81	P>L	1
PPA2	K>N	13
ATIC	T>S	101
TRIP10	P>S	3
TRIP10	E>K	1
HEXA	I>V	158
HEXA	N>D	1
ZNF24	N>S	30
NES	V>A	51
NES	V>I	29
FAM20C	E>K	1
FAM20C	N>D	1
SIGLEC5	P>A	1
RETREG2	P>Q	5
RETREG2	R>H	28
ACIN1	R>K	8
ACIN1	I>M	61
ACIN1	S>F	4
ACIN1	S>P	28
SOD3	A>T	241
LAMA4	G>S	10
LAMA4	Y>H	340
LAMA4	R>W	4
DMGDH	A>G	8
DMGDH	S>P	102
KLHL41	L>R	8
PTPRS	C>R	2
FASN	V>I	11
DHRSX	H>R	7
DHRSX	V>L	5
ABCB11	V>A	13
COL14A1	V>L	28
SPRR3	L>V	51
SPRR3	G>D	7
FYCO1	G>A	29
FYCO1	E>K	1
FYCO1	N>E	16
FYCO1	A>V	27
LPP	Y>H	49
MT1X	E>Q	1
ERF	A>V	2
GOLGB1	Y>C	8
GOLGB1	T>S	1
GOLGB1	P>S	3
GOLGB1	G>D	4
TOR1AIP1	P>R	10
TOR1AIP1	M>T	137
TOR1AIP1	Q>H	15
PITRM1	V>I	13
PITRM1	G>S	2
PITRM1	Q>R	10
PITRM1	A>V	29
PCK1	V>L	112
PCK1	I>V	16
SLC52A3	T>M	5
PSPC1	M>V	1
TAGLN	V>L	18
HPR	V>A	1
COQ5	A>T	11
PCSK1	Q>E	9
PCSK1	N>D	1
TUBGCP2	A>T	1
SORL1	V>I	31
MMP9	R>Q	17
MMP9	R>P	76
MEDAG	R>G	1
EML2	E>D	5
EML2	L>F	8
EML2	M>V	30
AGT	T>M	12
AGT	M>T	137
LAMA3	V>A	3
LAMA3	N>D	3
LAMA3	T>N	1
SERPINB2	N>D	16
PARP1	A>S	1
PARP1	A>V	2
PSG4	D>N	1
HAUS3	I>T	2
FMN1	L>P	3
FMN1	G>V	2
ADO	P>A	22
COL15A1	M>V	81
COL15A1	I>L	15
COL15A1	V>I	3
EIF2AK4	E>G	1
CSPG4	R>Q	27
STAT2	Q>H	1
YBX2	S>P	4
TMPRSS11E	N>D	1
A2ML1	M>V	17
A2ML1	R>W	10
A2ML1	D>E	26
DHTKD1	I>M	120
GOLGA5	F>L	42
TBL2	V>I	3
RDH14	V>I	1
CEP131	V>A	1
CEP131	T>A	24
RIOX2	A>T	48
RIOX2	K>Q	4
PIR	D>N	47
PIR	V>A	2
UBA6	A>T	2
GLCE	V>I	2
ITIH3	Q>K	1
ITIH3	T>M	8
AGXT	I>M	1
SIRT5	E>G	1
CEP120	R>H	2
IRAG1	P>S	1
LOXL4	D>A	1
ANXA8L1	A>V	1
COPRS	S>G	3
UGT2B10	D>Y	1
PRKDC	I>T	32
PRKDC	R>C	23
FLNC	M>T	1
FLNC	D>A	7
GOLGA8N	P>A	1
GOLGA8N	M>T	1
ACSBG1	M>V	6
MYLK	D>E	2
MYLK	E>K	1
MYLK	P>H	23
MYLK	P>S	53
MYLK	L>P	2
MYLK	T>A	1
PPP2R3A	A>S	1
PPP2R3A	D>N	1
MTPAP	N>D	16
MX1	V>I	5
PPP6R1	S>A	3
AHSG	R>H	7
RRP7A	V>I	8
ABO	G>S	1
SGSH	R>H	2
PRAG1	I>L	2
PRAG1	A>T	29
PRAG1	G>S	6
JSRP1	G>S	5
JSRP1	G>A	1
BCL2L15	D>N	61
DKK3	R>G	1
GSS	P>L	1
ATP4A	V>A	2
LBR	S>N	34
SRA1	V>R	18
RAB11FIP1	A>V	6
ACSL5	M>V	8
ACSL5	D>N	6
CALML5	S>G	4
MUC16	L>F	2
MUC16	T>M	1
MUC16	E>K	1
FOXD2	A>P	3
KRT8	R>H	68
CAMKK1	E>G	10
VILL	L>F	2
BAZ2B	P>L	1
MBLAC2	T>A	1
GSTZ1	M>T	9
UGT2B15	Y>D	56
IGKV1-39	S>T	25
IGKV1-39	Q>H	25
IGKV1-39	S>N	169
IGKV1-39	S>R	2
APOB	R>Q	14
APOB	A>V	10
APOB	A>D	2
IGKV1D-37	N>S	45
IGKV1D-37	R>Q	31
HLA-DRB5	G>-	13
HLA-DRB5	V>A	13
HLA-DRB5	->A	13
HLA-DRB5	A>L	5
HLA-DRB5	F>I	4
ECD	E>Q	10
ALG2	S>P	2
PPT1	I>T	1
PLIN1	P>A	52
TKFC	A>G	25
TKFC	A>T	4
TARS1	D>N	3
POLE4	G>V	7
NPHP4	D>N	1
NLRP6	M>L	6
LRRC15	P>L	5
LRRC15	V>I	2
SURF6	T>M	17
SLC25A15	I>L	3
PDPR	Y>F	2
PDPR	Y>H	56
PDPR	N>I	1
SCAF1	T>P	44
KRT16	C>-	6
KRT16	L>F	1
KRT16	G>S	5
KRT16	A>V	3
RRAD	Q>P	3
FGL2	G>E	6
PLA2G7	V>A	5
FBP1	R>K	45
PAICS	S>C	5
GHRL	Q>L	1
GHRL	L>M	2
LHPP	Q>R	5
LHPP	T>K	1
GPRIN1	M>V	6
IMPACT	D>E	4
IMPACT	L>V	12
MRPL41	K>E	3
PDZK1	E>K	2
COQ8B	H>R	22
IL1RL1	E>D	1
IL1RL1	L>-	1
IL1RL1	A>E	1
SPEG	R>G	6
CRB2	T>N	2
CRB2	V>A	2
IGF2R	R>G	2
SULT1A1	R>H	707
SULT1A1	V>M	707
EML1	S>P	3
EML1	A>V	2
TF	G>S	65
TF	P>S	85
HSD3B2	D>N	3
IFIT2	D>E	1
IFIT2	E>A	7
ACAD11	K>T	2
ACAD11	P>R	2
HNMT	C>Y	2
TP53BP1	D>E	27
TP53BP1	I>V	1
DDX60	D>N	2
DDX60	I>V	2
CCDC105	M>T	1
CTDP1	S>A	18
CUX1	A>T	2
MRTFA	D>N	6
PANX1	Q>H	4
SEC23A	L>V	35
VWA8	M>T	1
VWA8	R>G	8
VWA8	I>L	8
VWA8	R>H	11
MXRA5	G>S	1
MXRA5	L>V	25
ADA2	H>R	2
MPP7	D>N	18
SEPTIN14	D>N	3
STON1	K>N	7
STON1	Q>H	3
DROSHA	S>L	2
GLB1	L>F	1
TBL3	S>P	1
QRSL1	N>S	1
ADGRE5	R>Q	1
ZNF773	A>P	1
ZNF773	A>E	1
FTSJ3	Q>E	2
FTSJ3	S>C	4
ZC3HC1	R>H	4
SCN5A	H>R	4
ZNF326	D>N	22
DMXL2	S>P	2
DCN	T>M	1
DCN	K>E	3
PPID	L>I	14
FUT2	G>S	1
CD163	T>M	17
CD163	I>V	98
ASS1	L>P	1
ASS1	E>K	1
ASS1	A>T	4
ACOX1	I>M	191
CUL3	V>I	4
STK31	Q>H	1
STK31	K>N	9
ARPC1B	K>N	7
IRAK4	D>N	1
IRAK4	A>T	3
WDR18	A>T	8
WDR18	I>V	1
KANK2	M>T	31
KANK2	V>M	1
C4A	E>D	5
LRG1	P>S	29
LRG1	E>K	1
MYO9A	G>E	1
MYBPHL	D>N	8
BAG3	->A	1
BAG3	P>L	12
BAG3	N>D	49
BAG3	C>R	14
SPICE1	L>V	1
MYOM1	S>P	30
MYOM1	I>T	3
MYOM1	G>A	184
MYOM1	M>T	2
HEATR5A	V>M	10
RINL	P>L	4
PARP9	Y>C	1
ATG7	V>A	4
HSPA4L	I>T	2
HSPA4L	L>S	4
PLEKHG1	L>S	2
PBLD	H>R	16
PBLD	R>C	25
RBM45	->G	1
RBM45	->V	1
SPTB	N>D	50
SPTB	R>Q	20
SPTB	S>N	12
CNNM1	R>Q	1
AFM	Q>K	2
AFM	S>T	1
PRCC	P>S	3
DCC	R>G	2
EIF3K	D>N	8
STEAP4	G>D	19
STEAP4	A>T	49
HLA-DQB1	A>V	3
HLA-DQB1	A>S	18
HLA-DQB1	F>Y	3
HLA-DQB1	V>I	18
HLA-DQB1	D>V	16
HLA-DQB1	Y>H	1
HLA-DQB1	G>S	18
PDCD6	A>P	3
HEBP2	D>N	2
SBF2	Q>E	6
MFGE8	L>M	46
RBM19	->T	2
RBM19	Q>E	37
CYB5R2	L>W	5
CYB5R2	N>D	18
USP47	G>V	19
EMD	A>-	1
ERICH3	V>M	12
ERICH3	P>A	5
SEPTIN9	P>L	2
SEPTIN9	M>V	562
ADAD2	G>E	1
IFI35	M>V	50
IFI35	M>-	50
APOBR	E>A	1
APOBR	P>A	15
MYH6	E>Q	216
MYH6	A>S	76
MYH6	V>A	5
SERPINB3	D>N	30
SERPINB3	R>P	3
PACSIN1	A>V	2
LIMD1	V>L	1
PMS2	H>Q	5
PMS2	K>E	1
CASP1	K>R	1
TTR	V>I	3
CNTNAP5	S>L	1
RBMXL3	A>T	1
ADAMTSL1	D>G	1
NUP153	I>V	12
WDR45B	H>R	2
SIGLEC10	R>S	1
IDH1	V>I	58
F8A1	E>Q	2
SPATA18	S>P	12
MTMR7	P>A	2
IGSF10	Y>D	3
TAPBPL	A>V	57
MRPS2	H>R	9
SPOUT1	I>T	13
HSPA1B	I>V	1
BSN	G>D	1
BSN	P>S	2
BSN	A>T	4
FNDC1	Q>E	1
FNDC1	D>E	2
WRAP53	A>G	1
EPHX1	H>R	295
EPHX1	Y>H	52
HSPBP1	D>N	2
RNH1	R>H	56
EIF2S3	K>R	4
MUC17	P>R	2
CFHR1	L>V	99
CFHR1	H>Y	99
ITGA5	E>K	1
CPS1	T>A	51
CPS1	T>S	3
CPS1	A>T	13
CASKIN2	E>G	18
UGT1A6	R>S	11
UGT1A6	T>A	11
TCEAL2	D>G	2
IGHV3-20	H>Y	203
IGHV3-20	F>C	6
NEB	K>N	24
NEB	K>T	5
NEB	Q>H	2
NEB	Y>H	3
NEB	R>T	3
NEB	N>D	5
NEB	V>M	1
NEB	I>V	16
NEB	S>P	7
PRR16	P>T	1
PLBD1	V>I	37
PLBD1	P>A	12
IGHV2-70	Y>F	1
IGHV2-70	L>R	1
IGHV2-70	D>E	1
IGHV2-70	C>Y	1
IGHV2-70	A>G	3
IGHV2-70	C>-	1
IGHV2-70	Y>-	1
IGHV2-70	G>R	1
CAPN5	L>I	1
AKAP13	R>C	9
AKAP13	D>N	6
AKAP13	V>M	11
IGHV3-48	T>M	3
IGHV3-48	M>I	79
IGHV3-48	A>D	11
IGHV3-48	S>T	3
KYNU	K>E	2
ACAA1	H>Q	63
MUC5B	R>H	1
MUC5B	P>L	1
MRPL30	A>T	9
PAPSS1	E>Q	10
UGT1A8	A>G	1
THEM5	D>G	1
THEM5	L>V	1
COPE	S>C	2
TPR	S>N	1
ACAA2	M>V	10
CAPG	H>R	276
MYH3	A>T	10
MYH3	A>V	1
CDA	K>Q	7
CEP170	M>V	1
CEP170	G>S	18
NBEA	S>G	1
PDE11A	R>Q	1
PDE11A	->S	2
DPP7	E>Q	51
MOCS1	L>H	2
COL1A1	A>T	10
LRRC34	S>G	2
C1orf116	R>G	1
C1orf116	S>P	5
C1orf116	N>T	4
COPG1	L>V	5
UBA1	R>H	3
KTI12	D>E	1
SPHKAP	S>R	1
TRIM63	D>N	2
NIN	Q>E	1
KIDINS220	Q>H	6
DUOX2	P>L	18
SH3PXD2B	D>N	2
TASOR2	R>P	3
HLA-C	Y>H	1
HLA-C	Y>L	6
HLA-C	V>L	8
HLA-C	S>F	30
HLA-C	D>Y	1
HLA-C	T>S	18
HLA-C	A>E	13
HLA-C	Y>F	30
HLA-C	K>T	18
HLA-C	G>S	1
HLA-C	N>D	22
HLA-C	S>L	6
CALU	A>V	31
PDE12	R>W	5
NMI	S>L	60
RAB6C	N>D	14
SDR39U1	Q>R	10
SDR39U1	I>L	3
CLC	A>V	33
IGLV6-57	A>S	7
IGLV6-57	G>R	34
C4B	L>V	75
C4B	P>L	1
KANK3	D>Y	14
KANK3	R>H	19
KANK3	E>Q	2
TBC1D1	V>G	19
TBC1D1	I>L	12
KTN1	E>Q	41
KTN1	D>N	3
EPRS1	K>Q	4
DDTL	->L	4
DDTL	->A	4
SMTNL1	N>I	3
TRIM65	L>P	1
NRP1	V>A	47
PNO1	R>G	20
IGHV3-43	A>T	7
IGHV3-38	N>S	4
IGHV3-38	N>K	7
MYO9B	G>S	3
MYO9B	V>A	14
MYO9B	S>A	1
HAGH	V>A	1
NUDCD1	N>H	2
NUDCD1	I>V	9
SI	T>A	42
PPP1R12B	E>Q	13
KIAA1522	M>V	6
FCGR2A	Q>W	1
C2CD2	V>A	2
SKA3	V>I	2
MUC12	D>E	1
MUC12	E>K	1
MUC12	A>T	1
AARS2	I>V	34
KIF13B	R>W	1
KIF13B	D>N	2
FAM174B	S>-	1
STAU1	D>N	7
RSPH1	G>R	7
ELAPOR1	T>P	21
ELAPOR1	I>V	25
ELAPOR1	L>P	23
ZHX3	N>S	1
NDUFA6	A>V	35
DLL3	L>P	1
RSPH3	M>T	1
RSPH3	G>D	4
RSPH3	R>Q	2
C8G	H>N	1
TINAG	S>P	4
TINAG	I>L	1
TINAG	R>H	31
SWAP70	Q>E	78
ABCA6	N>S	10
AMACR	L>S	1
AMACR	Q>H	6
GIMAP7	E>K	1
HORMAD1	T>I	3
IFITM1	P>A	131
SACM1L	Y>F	17
GNAS	P>L	1
LACTB	R>K	33
LACTB	K>Q	8
RUSF1	L>M	1
GCKR	L>P	2
IRF2BP2	S>P	6
IRF2BP2	->Q	20
NFXL1	P>L	13
CAMKK2	T>S	2
MTREX	N>D	1
DLAT	D>N	85
CHID1	R>Q	92
CHID1	A>V	92
ITIH4	P>T	1
ITIH4	L>P	10
ITIH4	Q>L	3
ITIH4	I>N	1
H1-2	A>V	24
HRG	I>T	1
HRG	R>C	48
HRG	N>I	62
TARS3	A>S	7
CCL14	K>E	1
MYO7B	L>V	3
MYO7B	K>Q	3
MYO7B	G>S	2
DDX51	T>I	1
IGHV4-4	E>R	39
IGHV4-4	Y>R	39
IGHV4-4	H>T	39
IGHV4-4	Y>T	39
IGHV4-61	P>A	13
IGHV4-61	Y>T	39
IGHV4-61	E>R	39
IGHV4-61	Y>R	39
IGHV4-61	H>T	39
SUN1	H>Y	7
SUN1	E>K	19
SOGA1	F>S	1
RNF113B	I>L	1
ATL3	G>A	1
MYLK3	V>L	8
SHMT2	S>L	34
CRACD	R>P	4
CRACD	L>I	2
APOBEC2	I>T	1
LDB3	K>R	2
LDB3	D>N	5
C11orf16	P>A	3
C11orf16	V>L	1
TUBAL3	A>S	2
TUBAL3	G>R	5
HEPACAM	N>S	13
HEPACAM	M>V	42
CCN3	R>Q	2
VPS8	I>T	6
VPS8	H>Y	2
SLC2A9	G>R	1
SLC2A9	R>H	5
SLC2A9	V>I	2
FMR1NB	A>V	1
NUMA1	R>C	8
SCN7A	T>N	21
ANKZF1	P>L	9
ANKZF1	S>C	1
ZG16	G>S	48
ZG16	S>T	82
TMEM214	E>Q	22
SYN2	P>A	14
NDUFB9	P>S	22
CARMIL1	G>S	32
ATG16L1	T>A	34
ELP2	T>P	17
ELP2	V>M	1
DYNC2H1	L>I	3
COG1	E>Q	9
ENPP3	S>N	1
FAAH	P>T	4
IGKV3D-11	S>G	5
MTTP	Q>H	20
MTTP	H>Q	51
MTTP	I>T	34
SMG1	R>T	1
EGFR	R>K	11
NOX4	M>I	2
JPH2	A>T	1
REXO1	S>P	1
KCP	H>Y	3
IGLV2-18	E>D	3
IGLV2-14	E>D	24
CPNE1	V>I	4
CPNE1	Q>R	3
CPNE1	K>-	3
CPNE1	R>-	3
HCFC1	S>P	4
MYO1C	D>N	1
KRR1	R>Q	1
MRPL37	L>V	1
MRPL37	C>S	9
SLC4A1AP	P>T	41
ASPDH	Q>R	20
IGKV3-11	K>R	10
IGKV3-11	N>V	1
IGKV3-11	S>G	10
SLC16A1	D>E	57
IGHV4-28	E>A	1
FGB	R>K	5
CYS1	R>L	1
SAA1	T>S	91
IGHV4-59	S>R	4
IGHV4-59	Y>T	1
IGHV4-59	H>T	1
IGHV4-59	D>E	5
IGHV4-59	T>A	4
IGHV4-59	Y>N	1
ADGRG6	K>Q	1
INMT	D>N	7
STING1	R>Q	5
STING1	H>R	15
DMBT1	D>E	2
DMBT1	Y>S	2
CR1	Q>H	4
CR1	H>R	1
CR1	T>S	5
ALPP	I>L	33
WASHC1	H>D	52
WASHC1	F>L	68
THBS1	T>A	12
THBS1	S>A	2
CMA1	P>A	1
SERPINB10	S>A	3
SERPINB10	P>S	7
C17orf80	F>L	5
C17orf80	Q>H	1
SLC27A3	G>A	5
HTT	V>I	1
HTT	T>N	15
ITIH2	N>S	5
GGA2	A>P	32
SEC16B	A>S	1
SEC16B	H>R	25
MTMR6	I>V	9
MTMR6	A>T	6
SUSD2	P>S	1
MRPS31	T>M	1
MRPS31	D>N	16
CEACAM6	V>G	58
COMMD3	R>G	2
CPO	M>I	1
EPB41L5	T>M	1
PKP3	R>P	4
IGHV3-13	T>M	12
IGHV3-13	P>T	2
HMCN1	I>T	3
HMCN1	E>G	1
HMCN1	N>D	15
TRIM25	P>L	180
ABCC4	L>I	1
ESYT2	S>G	3
ESYT2	S>P	34
PLIN3	A>V	1
PLIN3	V>A	443
MYH14	A>E	7
MYH14	P>T	2
IGKV6D-21	S>N	3
ABHD10	I>V	14
DUS3L	R>G	5
IL7R	V>I	5
HDHD3	G>E	365
IGHV3-53	M>I	93
IGHV3-53	L>-	1
PLCG2	H>R	3
PLCG2	H>L	2
SAA2	R>H	83
USP24	V>A	38
PLXNB2	K>E	57
PLXNB2	N>D	4
PLXNB2	I>V	4
SMARCAD1	S>N	2
SMARCAD1	V>A	1
SLC26A2	T>S	4
MYH2	D>N	11
MINK1	V>A	7
MINK1	I>L	1
MINK1	P>L	7
ALDH1A2	V>I	11
LRRC47	V>I	7
EEA1	K>Q	9
SGCG	N>S	1
C17orf97	D>N	2
PJA2	Q>R	20
CD6	T>M	7
CD6	A>V	2
LYAR	D>N	5
RBFA	K>Q	1
CAPSL	R>Q	27
ADH1A	I>V	8
AGXT2	V>L	8
AGXT2	T>I	31
AGXT2	P>R	2
LRPPRC	N>D	15
CAMK1D	P>K	1
CAMK1D	A>G	1
ACADL	K>Q	12
ACADL	C>Y	1
PALD1	S>L	5
LNPK	T>S	5
TYSND1	T>A	5
RAP1GAP	A>T	4
TUBA3E	E>K	3
COQ3	K>E	22
FOLR3	Y>-	3
LPCAT1	M>T	2
MKI67	N>S	1
MKI67	T>S	1
MKI67	K>E	3
CPT2	M>V	36
CPT2	V>I	69
GSTP1	I>V	460
GSTP1	A>V	274
EFHB	T>I	1
EFHB	G>V	1
EFHB	V>I	2
CALHM6	N>K	1
COL12A1	D>N	3
USP36	R>C	3
TUBB8B	I>L	1
TUBB8B	R>Q	1
GLMP	I>V	14
CGN	Q>E	2
CGN	R>Q	1
MBD1	P>A	1
DPYSL4	I>V	3
NRAP	R>C	6
NRAP	A>V	8
NRAP	S>L	6
NRAP	Y>C	1
NRAP	V>A	24
NRAP	I>V	16
NRAP	A>T	4
PITPNM3	A>T	6
IQCG	A>D	1
IQCG	D>H	1
AKAP5	P>L	2
AKAP5	T>I	5
TRMU	A>S	2
EPS15	S>L	10
EPS15	I>M	1
UMPS	G>A	15
UMPS	I>V	2
GLTPD2	D>E	5
BIN2	S>N	13
ADAMTSL4	M>V	3
IGKV2D-28	D>N	5
ELAC2	S>L	4
TSC1	M>T	4
IGLC7	N>Y	21
RBFOX2	H>Q	6
GBP6	A>S	5
GBP6	E>K	1
GBP6	M>V	14
GBP6	V>F	2
GBP6	L>F	14
GBP6	D>V	35
GBP4	I>V	1
ATXN3	V>M	6
ASPSCR1	L>Q	20
WASHC2C	S>P	8
WASHC2C	V>I	4
WASHC2C	T>M	8
AOX1	H>R	1
AOX1	N>S	4
COMMD5	A>T	14
LONP1	V>I	2
KDM3B	S>N	1
KDM3B	A>T	3
HKDC1	W>R	26
IGKV2-40	G>D	16
IGKV2D-40	G>D	16
OBP2A	M>T	3
HLA-A	T>I	9
HLA-A	G>Q	16
HLA-A	D>H	1
HLA-A	R>E	1
HLA-A	A>S	1
HLA-A	G>R	16
HLA-A	F>S	1
HLA-A	Q>E	1
HLA-A	T>S	1
HLA-A	Y>S	1
HLA-A	H>D	9
TMEM177	D>E	1
VPS13C	I>V	8
VPS13C	S>N	10
DDX18	T>S	20
GPX8	K>R	48
NUGGC	R>P	4
ARHGAP21	S>T	1
ARHGAP21	N>S	4
CISD3	R>C	13
SPINDOC	E>Q	1
KCNMB1	V>L	1
CHDH	L>R	6
WDFY4	S>N	1
WDFY4	P>L	12
WDFY4	V>M	1
WDFY4	S>P	2
PTPN18	T>-	17
PTPN18	G>-	17
PAPLN	T>M	11
PAPLN	M>T	5
PAPLN	M>R	35
EHBP1L1	V>G	7
EHBP1L1	V>L	11
COL6A6	A>T	11
COL6A6	H>R	6
GTPBP10	C>W	4
ABR	E>D	1
ABR	E>Q	6
IGLV3-16	F>A	1
DENND5B	R>K	2
ZC3HAV1	Q>E	3
ZC3HAV1	H>Q	1
NUBP1	P>A	27
CMYA5	I>V	8
CMYA5	S>A	1
CMYA5	P>L	1
DDRGK1	A>T	21
SLC1A5	V>L	37
SQOR	D>N	9
CD207	N>D	1
DPYD	V>I	14
MYBPC3	S>G	13
MEAK7	D>E	24
MEAK7	S>L	1
MRPL9	E>A	2
ADHFE1	C>R	19
BTBD8	N>S	2
RPL14	->A	21
GPC6	V>M	2
EP300	I>V	1
MTG1	I>V	8
TLN1	S>L	257
WASHC4	V>I	74
WASHC4	D>N	25
AP5Z1	E>K	1
MT1F	A>S	4
HEXB	I>V	1
HEXB	L>S	70
HEXB	K>R	11
GNPTAB	I>L	3
CYP2A6	N>D	7
SH3RF2	V>I	1
EMC1	S>T	13
EMC1	S>N	2
FGGY	N>K	19
STOM	M>T	3
ROCK2	T>N	3
SPTLC3	L>V	1
AGRN	Q>R	5
CFAP74	V>L	1
IGLV3-25	Q>P	6
IGLV3-25	G>A	3
MVK	S>N	4
HLA-DRB1	A>E	6
HLA-DRB1	R>E	6
HLA-DRB1	H>N	76
HLA-DRB1	S>Y	93
HLA-DRB1	D>S	17
HLA-DRB1	F>S	39
HLA-DRB1	V>S	17
HLA-DRB1	Q>D	6
TBCC	V>A	16
FUCA1	P>L	10
SLC7A6OS	G>D	2
IGHV3-30	N>H	22
IGHV3-30	S>N	19
IGHV3-30	V>M	53
IGHV3-30	G>A	19
IGHV3-15	S>N	4
ASCC3	S>C	7
ASCC3	L>F	1
MAN2B1	A>S	3
MAN2B1	->Q	7
MAN2B1	R>Q	7
MAN2B1	D>N	2
MAN2B1	L>V	3
METTL2B	E>K	1
KANK4	D>N	2
KANK4	H>R	2
KANK4	V>A	4
KANK4	T>A	1
STEAP2	M>I	13
STEAP2	F>C	3
STEAP2	R>Q	1
RASA4	A>T	2
CGAS	P>H	1
CGAS	T>N	5
ARVCF	P>L	5
ARVCF	R>Q	16
ARVCF	V>A	1
PAK6	P>L	3
PAK6	M>V	2
ACSF3	V>M	43
BBS9	D>N	2
HEATR1	R>H	1
HEATR1	N>S	8
HEATR1	L>I	1
NIPA1	A>-	6
ZC3H13	E>D	15
IGKV2D-24	G>-	1
NSFL1C	D>N	156
ADCK2	S>P	1
AIFM2	M>T	1
C6orf47	K>N	2
ITGA8	->A	2
ITGA8	I>-	2
ITGA8	V>A	15
MRPS34	L>I	16
TACSTD2	D>E	11
PLIN2	S>P	1
LRRC8C	D>G	25
LCP1	K>E	7
GAK	D>N	1
PLA2G4C	I>V	1
PLA2G4C	T>P	3
PLA2G4C	A>P	2
SREBF2	G>A	1
ALB	A>V	2
PON2	A>G	59
PPP1R9A	D>N	4
IGHV3-33	M>K	3
IGHV3-33	Y>S	3
AOC3	R>H	50
AOC3	H>Y	14
SPAG1	M>T	1
SPAG1	->D	5
ADAR	K>R	100
ACAP1	A>T	4
ALAD	K>N	3
DMKN	V>A	4
DMKN	D>A	11
DMKN	E>D	7
PLEKHA1	T>A	9
DBH	A>S	6
TBC1D12	E>Q	1
TXNDC11	V>L	20
SIRPG	S>L	1
SIRPA	D>E	1
SIRPA	V>T	21
SIRPA	D>-	21
SIRPA	L>S	1
CTSB	Y>C	1
CTSB	L>V	94
ATP2B4	V>I	1
PERM1	Q>E	1
PERM1	S>G	2
COL28A1	K>T	1
COL28A1	A>G	22
WDR33	P>A	6
MCM5	T>S	5
EXOSC7	V>L	2
PIP5K1C	E>Q	3
IGHV3-23	A>G	4
IGHV3-23	S>N	7
IGHV3-23	M>L	7
DAB2	S>N	21
WDR55	S>F	1
PWP2	D>N	4
KARS1	T>S	3
SCFD2	L>S	20
VIL1	N>K	5
VIL1	V>L	1
VIL1	L>I	18
SUSD5	F>L	1
CLIP1	S>P	10
CLIP1	D>E	2
CLIP1	I>M	1
TMEM263	D>N	10
CTU2	V>I	4
SCFD1	K>R	32
IGHV1-69D	F>L	38
IGHV1-69D	T>I	38
IGHV1-69D	A>V	9
C2orf88	T>I	1
TSTD2	A>D	1
TMCO4	G>S	1
TMCO4	R>H	4
ARHGAP25	R>S	7
P2RX7	Y>H	2
P2RX7	Q>R	3
IFIH1	H>R	4
GEMIN5	P>S	1
FNDC3A	E>Q	19
CDKN2AIP	A>-	12
PYCR3	K>N	39
ITGA7	R>H	46
KRI1	G>R	1
KRI1	E>K	2
FKBP15	L>I	31
FKBP15	A>S	3
FKBP15	A>T	1
TMPO	Q>E	13
LSP1	A>T	87
LSP1	Q>L	7
DOCK8	A>V	4
DOCK8	A>P	1
AKR1C4	L>V	7
F2	T>M	25
AKR1B10	N>D	138
NCF1	S>G	3
NCF1	E>K	1
ZPBP2	S>I	1
PRKG1	N>S	3
IRF2BPL	A>-	4
ANXA11	R>C	124
PTGFRN	S>T	59
PTGFRN	R>Q	5
DGAT1	T>N	1
PUS3	A>S	4
PUS3	E>D	5
GAS6	G>-	26
SZT2	R>Q	2
USP34	M>T	1
GOLGA1	L>V	17
MRI1	I>N	7
RIBC2	F>L	1
SPTBN2	S>G	1
SPTBN2	V>A	13
SPG7	N>D	1
SPG7	T>A	1
MAP1S	S>C	1
MAP1S	C>Y	24
PLSCR4	I>V	33
NHLRC2	V>I	26
SCLY	A>T	57
LYPLAL1	I>M	14
HYKK	D>N	1
B3GLCT	E>K	4
PPP6R2	T>M	1
PPP6R2	D>E	2
SCRN3	N>K	20
MCUR1	T>A	11
ADAP1	G>S	41
ERCC6	M>V	1
MAGEC1	S>R	3
DLG5	P>L	1
HEXD	P>R	18
HEXD	I>V	1
ALDH3A1	E>Q	24
HNRNPC	D>-	2
HNRNPC	->V	2
DGKG	T>S	1
MYO7A	S>C	1
MYO7A	L>S	1
DCHS1	T>S	2
AMY1B	W>C	2
RBMXL2	T>A	2
MUC13	R>S	24
QSOX1	G>A	4
RELA	D>N	2
NPC1	H>R	31
NPC1	R>Q	1
SNX30	I>M	2
DHX57	N>S	1
TKT	D>E	3
RNF213	D>G	7
RNF213	E>Q	6
RNF213	H>R	2
RNF213	A>T	1
RNF213	Q>K	6
PALMD	E>Q	1
PIGQ	T>A	7
SLC16A4	N>H	1
CEBPZ	V>I	56
LRRC23	V>E	1
AKR1E2	V>P	21
AKR1E2	P>R	21
GLDC	L>V	1
ZSCAN2	S>T	2
EEF1D	D>N	1
EEF1D	A>V	2
EEF1D	D>E	6
DSP	N>K	5
DSP	R>Q	6
TNR	R>K	38
CENPVL3	E>K	6
PDIA2	R>Q	9
PDIA2	T>R	39
ANK2	L>I	17
ANK2	V>A	6
TTC1	A>G	4
FAM114A2	G>S	43
AEBP1	I>L	5
AEBP1	P>T	38
C16orf89	L>S	6
MGAT1	L>P	47
CAP1	S>A	91
TRMT1L	D>N	3
SLFN13	R>L	1
C10orf71	E>K	1
AP5B1	G>V	2
AP5B1	L>F	3
MTRR	S>L	2
DDX1	E>K	4
ATP6V0A2	R>H	1
TJP2	S>F	19
TJP2	D>E	129
TJP2	Q>K	3
TJP2	M>I	5
CCDC187	L>R	3
CCDC187	R>H	1
MTDH	T>A	4
SYNE3	L>-	11
MACF1	K>R	1
MACF1	S>T	42
MACF1	K>N	2
MACF1	A>T	6
DSG2	R>K	29
VWF	Q>R	2
VWF	I>V	2
VWF	V>I	25
VWF	T>A	28
CYP11A1	P>L	1
PKHD1L1	Y>H	2
PATJ	G>S	1
PATJ	E>A	1
PATJ	G>V	1
KCNJ9	A>V	1
H6PD	R>Q	15
H6PD	P>L	4
TRAF3IP2	H>Q	1
AKAP3	G>E	1
APBA3	C>R	1
ETFA	T>I	5
BLVRA	A>T	13
GALNT2	V>M	12
ACTBL2	L>P	6
SBSN	A>G	7
TNFRSF11A	H>Y	1
BIN1	T>M	11
TEKT2	R>C	7
UBE3A	A>T	8
ALDH18A1	T>I	4
TNRC6A	N>K	9
NCAPG2	R>G	1
BHLHE23	P>S	1
MEP1A	V>L	4
MEP1A	R>Q	1
DNAH2	D>N	2
DNAH2	R>Q	1
CASR	R>G	1
GSR	R>C	1
FHIT	D>N	9
KRT20	S>N	15
CLCN2	E>D	1
GOLGA4	Q>H	2
GOLGA4	Q>K	1
GOLGA4	I>T	1
ARHGAP45	S>G	43
ARHGAP45	R>H	43
ZCCHC4	L>H	2
NT5C	D>N	6
TXLNB	A>G	1
DDC	M>V	140
NCOA7	S>A	1
NCOA7	G>R	2
NCOA7	D>E	1
FCRL5	Y>H	4
FCRL5	G>D	8
SYTL1	Q>R	1
CTSD	A>V	14
PGGHG	R>C	1
PTK2B	K>T	2
TRIM5	R>Q	5
TRIM5	G>D	3
POMT1	V>I	1
SLC4A1	E>D	3
CAST	Q>K	1
CAST	C>S	74
TSEN15	G>D	1
CERS4	A>T	50
CERS4	R>Q	1
C1orf87	K>E	1
DDX20	I>T	1
ZFR	I>T	4
IGKV3OR2-268	Q>K	1
MYOM2	V>A	9
MYOM2	V>I	20
MYOM2	V>L	26
MYOM2	I>L	7
MYOM2	T>M	1
MYOM2	V>M	1
RIF1	V>M	1
HNF4G	M>I	1
MAST2	D>E	2
PLA2G4F	M>V	3
F12	A>P	79
GPATCH2	D>N	4
RNF130	D>N	5
DOCK5	A>E	2
RAB35	V>I	2
NDUFB6	Q>E	2
LTN1	L>S	3
ECHS1	T>I	159
C3	P>L	191
SHMT1	L>F	2
CST1	P>L	6
CST1	G>A	1
CST1	G>V	1
SEC16A	R>C	4
IGKV1-27	Y>F	2
IGKV1-27	Y>S	33
IGKV1-27	T>A	20
PCM1	N>S	25
PCM1	M>V	2
PCM1	A>-	2
TTI2	E>G	5
MTA1	A>T	1
NEK7	R>G	2
LAMA1	M>V	1
LAMA1	A>T	1
TGM3	T>K	32
TGM3	S>N	2
TGM3	I>L	9
FUT8	T>K	2
PTGS1	L>M	16
FARSB	V>I	1
TYW3	M>V	1
MCM4	L>M	1
AKAP10	I>V	3
SIL1	E>K	2
MCM3	E>K	2
APLP2	D>N	2
CRTC3	S>N	2
AKR1C3	E>G	5
AKR1C3	H>Q	5
AKR1C3	C>Y	1
ITGAX	W>R	3
CCT6A	Y>C	1
WARS2	A>P	1
SNX19	S>G	1
GCAT	R>C	8
DPP6	L>P	7
DNAH5	I>L	1
DNAH5	Q>R	3
MSLN	A>V	1
UQCR10	I>V	18
TGM4	S>T	1
TGM4	E>Q	6
GLOD4	A>S	33
GLOD4	A>D	41
RNF168	D>N	2
MASP1	D>N	1
PSG7	I>V	20
HS1BP3	V>M	18
HLA-DPA1	K>R	13
HLA-DPA1	F>V	41
HLA-DPA1	Q>R	72
MCM3AP	L>R	1
SLIT3	V>A	1
ADAMTS5	L>P	1
POSTN	G>E	2
POSTN	F>S	19
POSTN	V>M	2
HMGXB4	G>V	2
ACTN4	D>E	13
ALPG	M>V	1
DHX37	R>Q	3
NAALADL2	L>S	11
NAALADL2	M>T	2
ANO1	G>R	1
FKBP4	N>K	4
CLCA1	L>F	349
KIF26B	R>Q	1
RILP	G>S	2
NCAM2	L>P	4
REG1B	V>I	1
WNT6	P>R	1
PYGB	A>S	26
PYGB	D>N	63
VCPKMT	A>D	3
GRHL2	D>N	3
SLC6A17	A>T	3
SIRT3	V>I	5
DSC1	V>I	2
NAT9	C>R	2
OTUD7A	A>-	3
CYP2A7	H>R	2
THSD4	D>N	1
PLEKHM2	I>T	6
CARS2	Q>P	5
CARS2	G>E	3
SPG11	D>E	1
CST4	Q>K	3
CST4	F>V	27
TRIP11	G>S	3
TRIP11	R>H	2
CFAP46	D>G	2
TJAP1	D>N	8
COBL	V>I	11
COBL	E>-	2
COBL	D>A	3
APEX1	Q>H	20
APEX1	D>E	488
ERMP1	R>G	2
IQSEC3	T>S	2
CFHR5	G>E	3
ZC3H3	E>D	1
ZC3H3	F>Y	1
TRIM32	L>I	15
FTCD	V>M	1
FTCD	N>K	3
FTCD	A>V	12
NEK1	A>T	2
NFU1	R>C	1
CROCC2	Q>R	5
CROCC2	G>R	23
CROCC2	L>P	2
CROCC2	I>V	15
LRWD1	P>L	1
SRRM2	P>L	1
DHRS1	T>I	1
SERPINB8	R>Q	11
SERPINB8	T>A	1
DCAF13	I>V	1
RNASEH2A	D>E	2
RNASEH2A	L>S	3
CINP	N>K	1
CRYBG2	S>P	2
GBP7	T>I	1
ABCB10	D>N	10
NUDT6	C>R	10
NUDT6	R>Q	1
SVEP1	I>V	1
SVEP1	L>V	2
LIPC	N>S	1
CRACR2A	E>K	1
TTLL12	V>M	2
TTLL12	N>S	5
TJP1	I>V	23
RBP5	E>Q	2
RBP5	M>L	19
RBP5	D>N	38
IRAK2	D>E	1
CWH43	H>N	2
SNCG	E>V	110
CUL2	L>I	6
KLF16	A>T	1
NT5C3B	S>C	10
NT5C3B	A>V	10
ERVW-1	R>Q	1
SBSPON	W>R	74
SBSPON	F>L	22
ASCC2	D>H	2
ARHGEF17	->S	2
LILRB4	E>Q	1
GPAM	I>V	5
NEBL	M>V	18
GOT2	G>S	50
GOT2	D>N	1
CEMIP2	S>N	1
CCDC170	F>S	1
MOXD1	E>Q	10
CSRP1	N>D	568
ARHGEF16	H>Y	2
SEH1L	D>N	8
SLC12A8	R>Q	6
HLA-DQA1	L>T	8
ITGAM	A>V	6
ITGAM	M>T	15
ICAM1	G>R	35
ICAM1	K>E	6
ICAM1	P>L	1
PTPN3	D>N	7
AOC1	->F	6
R3HCC1	V>M	2
R3HCC1	L>R	5
R3HCC1	R>K	2
PEBP4	K>E	2
MGA	T>S	1
HNRNPA0	K>S	1
ADAM15	K>T	3
PANK4	Q>R	12
PANK4	A>V	31
IQCE	A>V	3
CC2D1A	T>M	6
ANXA3	S>N	7
ANXA3	I>N	1
CYP2C8	K>R	20
NAT2	R>K	9
CELA3B	E>Q	13
BCHE	A>T	3
CEL	I>T	3
CEL	V>I	3
POMGNT1	M>V	1
NARS2	K>R	1
NARS2	N>T	14
ACTG1	I>V	4
PCLO	->D	7
DIDO1	T>A	35
TFRC	G>S	59
SPATA7	V>M	1
PECAM1	V>L	89
PALM3	E>D	1
PALM3	T>R	6
SLC18A1	I>T	1
GALC	D>N	14
SERPINA10	T>S	13
TCEAL5	R>Q	5
TCEAL5	R>P	6
TRMT13	A>M	9
DHCR24	D>N	1
CDK13	T>A	1
NOL9	S>A	33
KCNJ5	Q>E	1
NCAPD2	Q>E	1
TRIM22	D>N	16
SMC6	R>G	3
SMC6	A>T	6
GPATCH1	H>R	1
GPATCH1	L>S	1
ZNF638	A>V	7
USH1C	E>D	3
INTU	L>F	1
ARL15	I>L	1
VASN	R>Q	1
PUDP	T>M	16
CFAP251	V>L	2
RAB3IL1	Q>R	2
ARHGEF37	P>L	20
FIZ1	T>A	18
PEAR1	N>D	1
CWC22	R>Q	2
PRG4	T>M	2
GIPC1	T>S	27
KRT79	A>V	5
BOLA2B	N>S	2
MACROD2	T>I	11
IGLV2-23	E>D	1
IGLV2-23	G>V	3
IGLV2-23	N>K	1
NUDCD3	R>C	6
LRBA	R>C	3
PRR4	Q>R	8
PRR4	R>Q	2
PLXND1	H>R	22
PLXND1	M>V	3
PLXND1	S>N	23
DES	V>I	2
CD200R1	E>Q	3
IGLV1-51	D>E	5
THNSL2	G>E	2
JHY	I>L	1
FIG4	V>A	1
ENPP2	S>P	16
ANXA13	V>I	2
ANXA13	R>H	10
CHL1	I>V	9
IGHMBP2	I>V	1
IGHMBP2	L>S	2
PAX9	A>P	3
BCAT2	T>R	11
THUMPD1	E>D	1
VPS33B	G>S	4
CRELD2	S>A	14
NAPRT	D>N	56
SEC23B	H>Q	3
SEC23B	V>I	2
ASAH2	T>N	3
LSS	R>Q	25
LSS	H>R	3
TTC22	R>-	1
PSMD5	L>Q	1
G6PD	N>D	11
INSL3	T>A	2
JCAD	D>N	8
FN1	V>I	570
GNB1L	W>G	1
ZNF830	H>Q	33
PES1	T>S	2
KRT23	T>A	31
COBLL1	V>M	2
COBLL1	N>D	1
SLC25A33	L>I	1
RDH5	D>A	3
ARHGAP6	D>E	6
IGKV3-20	S>N	52
ZG16B	D>N	44
BCL2L13	P>S	27
BCL2L13	I>R	13
IGHV4-39	V>L	19
IGHV4-39	K>R	9
DCP1B	A>V	1
MAST4	R>P	19
GYS1	M>V	5
NCEH1	Q>R	1
CTNNA3	S>N	8
MYO1A	G>E	2
CAPN2	K>Q	141
CAPN2	S>G	4
CAPN2	D>E	244
CELA2B	D>N	4
CELA2B	Q>R	11
MRPL23	R>Q	1
APOL2	R>C	9
CPN1	G>D	2
ARHGEF40	V>L	20
ARHGEF40	L>S	4
IVL	Q>K	1
IVL	Q>E	2
IVL	E>K	10
LZTFL1	D>N	2
CLOCK	L>I	3
MIDEAS	A>T	3
CLEC18B	I>T	2
ARHGAP28	Q>P	3
H4C6	I>L	271
TOPORS	P>S	1
PPFIBP1	V>L	153
GRWD1	R>Q	4
CYP8B1	E>Q	2
HADH	L>P	26
LIMS1	V>M	6
KRT34	E>K	1
MYPN	P>T	5
MYPN	F>L	20
SYPL2	Y>F	8
SYPL2	E>G	1
FUT6	R>G	6
ELP1	I>L	1
ELP1	G>E	9
HSPA4	A>T	20
KRT13	A>G	20
KRT13	T>A	85
MRPS22	I>L	3
MTARC1	T>A	19
WNK2	D>E	1
SHROOM3	P>L	1
UFD1	P>A	9
ACOT11	G>D	4
MYH1	M>V	56
NPTX1	G>D	6
IGLV1-47	N>K	13
PPP2R5A	P>A	1
TBC1D20	N>S	1
BCS1L	D>N	2
TEKT1	D>N	1
LMOD1	T>M	41
DENND3	M>T	18
MTUS1	E>Q	3
ARHGEF28	H>N	9
ARHGEF28	R>K	2
CPZ	I>T	2
ODF3B	D>N	2
MDM1	T>I	7
MDM1	R>H	3
CCDC91	V>M	1
CCDC91	M>V	1
GGT5	K>R	8
GGT5	I>V	3
UGT2B11	P>S	1
OGFR	S>T	1
OGFR	S>R	1
OGFR	E>Q	2
PRB4	Q>H	2
EHHADH	Q>K	7
EPB41	V>I	1
EPB41	K>-	1
VARS1	P>S	1
MAPT	Q>R	1
HADHA	A>S	14
SFT2D3	R>G	12
IGHV1-58	V>M	3
EXOC4	E>K	1
CLTCL1	M>V	1
RALGAPA2	N>S	1
ZFP62	R>Q	1
CD27	H>R	3
CWF19L1	C>Y	3
CWF19L1	R>H	1
ECM2	Q>P	1
KRTAP16-1	A>G	1
NTN4	Y>H	8
DNAJB12	D>N	7
COX4I2	R>H	1
GLI4	S>A	1
CLDN23	P>S	1
ALDH7A1	K>Q	67
RGPD2	E>Q	1
POTEH	S>F	1
SGPL1	V>L	13
CD55	R>H	1
IGHV1-69	A>T	7
NPNT	Q>H	30
PARD3B	R>K	4
SYTL2	T>M	1
SYTL2	A>G	5
CEP55	T>A	1
LRIG1	Q>P	3
CLYBL	V>I	1
CLYBL	I>V	20
MAN2B2	G>R	1
MAN2B2	M>V	11
MAT1A	E>K	1
MICAL3	E>Q	4
PSMB3	M>L	47
OXA1L	->S	39
GDA	V>M	5
IBA57	G>S	32
MRPL50	L>F	2
ADPGK	S>L	1
IGHV1OR21-1	L>I	1
FECH	R>Q	32
ACTN3	E>A	1
ACTN3	C>R	33
ACTN3	Q>R	1
TBC1D4	V>A	4
PODXL	->S	1
PROB1	V>A	7
EHD4	V>I	39
CROCC	R>Q	2
FAM185A	G>A	10
SPRR1B	T>I	1
XPC	A>V	1
XPC	Q>K	18
LMBRD1	D>E	21
RFC1	Q>K	1
HGFAC	F>L	20
DNAI2	A>T	3
GALNT4	V>I	3
KIZ	H>Q	1
FASTKD1	E>Q	2
FASTKD1	M>V	2
PML	G>V	22
PML	F>L	14
ACO1	K>Q	2
DOCK9	R>W	1
SAMD9	I>T	2
UROS	D>V	1
COX10	R>Q	2
OGDH	V>I	86
KIAA0040	I>V	1
COQ6	V>M	77
SALL1	N>S	1
GPX4	I>L	1
F5	K>R	1
F5	K>E	1
RUBCN	R>Q	13
MLC1	N>S	8
GCFC2	N>S	2
GCFC2	T>A	3
BOD1L1	T>A	3
QRICH1	N>S	1
GRK5	L>I	3
PEX2	C>R	2
PSG8	I>R	2
C2orf69	D>E	5
GHDC	R>H	1
GHDC	R>C	2
FAM13A	V>I	2
MLPH	L>P	4
MLPH	V>A	12
MLPH	T>I	7
MLPH	H>R	2
REPS1	V>I	3
HYPK	S>P	14
JMJD4	D>E	2
GIMAP6	G>S	4
AHDC1	A>T	5
CALB2	A>T	9
RPH3A	R>Q	1
CHMP1A	P>L	1
ARSB	V>M	23
ARSB	S>N	1
TUBG2	M>V	4
ATP4B	A>V	6
SH2D4A	E>G	5
FILIP1L	P>L	1
TMEM176B	P>S	1
PECR	E>K	8
RAD18	R>Q	6
MX2	E>K	2
SETD6	E>Q	2
LAMC2	A>D	1
MFN1	I>L	1
GPD2	R>H	1
ATP13A1	E>K	2
CENPC	L>F	8
KDM5A	M>T	2
SLC4A4	E>Q	4
CPPED1	K>R	26
CPPED1	A>D	50
GBF1	->S	1
NUDT19	R>Q	5
NXPE4	Y>H	1
EIF2A	T>S	15
CRTC1	V>I	1
CPB1	D>N	38
MMAB	M>K	1
CTSS	R>W	7
GYS2	M>V	16
CETN3	V>L	1
UQCC3	G>S	13
IGLV3-1	S>N	7
IGLV3-1	S>T	16
CMPK1	Q>H	25
CMPK1	E>K	7
DHFR2	P>A	1
PRIM1	D>A	1
DSC3	K>Q	1
DSC3	S>T	2
DNPEP	I>V	2
NLE1	R>K	1
PLCB3	R>H	12
CEP85	A>T	2
NTAN1	S>P	2
NTAN1	H>N	2
CUL9	K>N	1
WWOX	A>T	3
F13B	R>H	114
CTAGE6	K>-	1
UNC13A	L>P	1
LGALS8	M>V	4
LGALS8	R>S	11
LGALS8	E>Q	3
FMO3	E>K	21
FMO3	V>M	9
FMO3	E>Q	7
HPGD	Q>-	1
TUSC1	N>D	4
TRAP1	D>E	39
TRAP1	R>H	4
TRAP1	R>G	118
ECI2	A>V	11
ECI2	M>I	39
DENND4C	A>V	1
DENND4C	T>A	1
ENPEP	Q>R	5
ENPEP	V>A	50
CYP20A1	S>L	92
CYP20A1	L>F	43
NEK5	A>T	1
SLU7	M>T	10
SFTPC	T>N	1
SLCO1B3	M>I	3
RESF1	S>T	1
KLHDC7A	G>S	1
KLHDC7A	P>T	1
UGT2A3	I>V	1
FBLN2	V>M	1
FBLN2	T>A	45
KRT31	A>V	1
AARS1	G>D	5
AARS1	T>I	2
AZU1	R>H	64
GBE1	I>T	1
GBE1	I>V	4
MICALL1	P>L	1
ALDH5A1	H>Y	122
MAP1A	D>N	1
MAP1A	T>A	3
DLG1	R>Q	8
ALG8	N>S	1
MYH7	S>C	5
DYSF	L>V	1
PI16	T>P	97
CHST3	R>Q	3
PGM2	E>D	15
STAB1	A>P	65
STAB1	M>V	55
GTPBP6	I>V	1
PPP1R32	E>Q	1
EFNA1	D>V	1
DTX2	T>A	8
DNTTIP2	E>D	1
EEF2K	P>A	2
HLA-DPB1	Y>H	3
HLA-DPB1	E>Q	3
HLA-DPB1	F>Y	4
ITGAE	R>Q	3
ITGAE	I>V	3
WDR37	L>I	9
PRRG3	N>S	1
ATP7B	V>A	2
CLIP2	R>P	18
TMEM70	T>A	8
LSM14A	N>S	5
WAPL	V>I	6
PLS1	I>M	1
PNPT1	I>V	51
PNPT1	N>D	2
KLHDC4	L>V	4
PRDM2	->P	1
UNC45A	N>-	1
IGHV2-26	F>S	2
SLFN5	P>L	1
DAPL1	A>T	1
DAPL1	L>P	3
GAMT	T>M	1
AMPD2	A>T	5
ADH4	I>V	368
SRP68	N>D	6
PREP	L>V	11
BDH2	N>S	23
LPO	V>M	11
MAP2K2	G>R	1
MAP2K2	K>-	7
FRK	G>R	5
ASNS	V>E	13
MMRN2	G>S	27
SENP8	T>A	15
RAD51D	R>Q	1
SART3	D>E	31
PCDHGC3	E>K	1
NPEPPS	E>Q	39
COG4	T>I	90
AVIL	K>E	3
NCF2	K>R	15
WDR17	A>T	3
B3GNTL1	A>T	1
SGCD	R>Q	18
ZFP36L2	G>S	1
TBC1D5	I>V	8
RFTN1	V>I	9
RFTN1	E>K	5
SPAG7	D>N	9
PTPRG	Y>H	13
ZFYVE16	I>T	20
TRIM9	L>F	1
ME2	G>E	4
GEMIN4	A>G	2
GEMIN4	Q>E	2
KANK1	S>A	8
KANK1	E>Q	5
GALNS	A>S	3
POLRMT	E>A	2
LENG9	D>Y	1
MTSS1	T>A	1
ELF1	T>S	2
AKAP17A	P>A	3
AHCTF1	L>V	7
CEP135	L>I	1
PRSS2	G>R	4
KRT15	E>K	1
KRT15	K>R	20
CALD1	V>M	25
ADAMDEC1	N>S	1
TRAF1	P>L	1
LRP4	I>V	1
CAPN7	A>T	6
ODR4	S>C	29
CD5	A>V	4
NRXN1	L>I	3
PSMB4	I>T	24
ZMYM5	V>I	1
COL4A2	V>I	2
PXK	K>R	3
BPIFB1	T>S	1
IGHM	G>S	289
IGHM	D>E	38
IDUA	D>N	12
TMED8	P>H	2
TNRC6B	Q>-	1
TNRC6B	V>M	1
CYP4F3	A>D	4
CFAP52	E>K	3
DDX31	I>V	3
TBCD	M>T	16
SELENBP1	E>K	3
FUCA2	H>Y	8
ACOT4	R>C	6
UBR1	Q>E	1
TMEM106B	T>S	3
PSMD2	A>T	15
MOGS	D>N	17
LRCH1	S>P	91
DNAJC11	V>M	3
ZNF22	S>G	1
DYNC1H1	P>L	4
DYNC1H1	E>K	5
GDF15	H>D	2
PPP1R21	G>V	1
MINDY1	T>K	47
CRYBG1	C>R	4
PELO	L>M	33
AP3D1	I>V	5
HIBCH	T>A	157
MT1E	G>D	20
L1TD1	T>I	1
HABP2	E>Q	5
CROT	V>L	1
PSME2	H>P	2
HBS1L	E>K	1
RABEP1	M>I	6
PTX3	E>Q	9
CLEC4M	D>N	2
POLR2E	S>F	35
TIMM44	I>V	6
CLMN	Y>C	2
C17orf58	I>V	2
C17orf58	A>V	1
SEMA4B	S>A	5
NUP133	I>V	3
FHDC1	E>Q	2
IGLJ6	S>L	1
CYP4F11	C>R	1
CYP4F11	D>N	1
DEPTOR	S>N	3
DEPTOR	N>S	39
UTP20	R>K	1
CYFIP1	D>N	71
PRAM1	K>Q	10
EXOC2	D>N	1
ATG2B	N>D	2
ASAH1	V>I	1
ASAH1	V>M	23
ASAH1	V>A	47
ASAH1	I>V	13
KLKB1	S>A	12
KLKB1	R>Q	9
GBP3	R>Q	2
AIP	Q>K	109
C3orf33	S>N	1
RRS1	D>N	1
SERPINI2	E>G	3
LTA4H	E>D	2
FGD5	D>N	11
HMGN1	A>T	1
GOLGA2	N>D	1
FBLIM1	S>F	1
IGHV3OR15-7	L>M	5
IGHV3OR15-7	E>K	1
CCN2	H>D	6
C12orf29	V>L	3
RSPH9	V>I	2
APOA4	S>N	103
UGT2B4	D>E	13
JMJD1C	E>D	2
MTHFD1	T>M	1
MTHFD1	K>R	90
MOGAT2	M>V	1
PTBP1	G>W	1
CPT1A	A>T	6
PDLIM7	A>T	21
FAM120B	A>P	4
FAM120B	C>G	2
FAM120B	M>T	3
FAM120B	Y>C	7
FAM120B	D>Y	3
UBR4	M>L	24
EPHX2	R>W	3
LEMD2	A>V	4
QPRT	A>V	22
QPRT	T>A	1
CYP4A22	F>S	5
CYP4A22	L>P	5
PZP	N>S	16
RINT1	S>C	2
PHIP	V>G	18
CCDC154	L>P	1
IGHV1-2	G>R	128
IGHV1-2	W>R	128
PGD	D>N	6
PMF1	Q>R	1
GPN2	R>G	3
PMPCB	E>D	6
COL7A1	P>L	1
BHMT	R>Q	38
ARHGEF5	Q>R	2
ARHGEF5	E>G	2
APOH	W>S	10
CLIC1	E>-	2
THNSL1	L>I	1
MYO5C	K>N	1
CRYZ	I>V	33
CARD19	G>R	4
MYO1D	E>Q	14
KRT82	G>S	1
RASAL1	R>H	6
GGA3	E>Q	9
TSHR	P>T	1
MGMT	I>V	1
GNL3	V>M	23
PPP1R13L	S>N	1
IGKV4-1	S>R	11
IGKV4-1	L>V	1
IGKV4-1	N>S	7
IGKV4-1	A>T	4
WDR41	V>I	1
MRM3	G>E	9
CFAP97	T>A	2
KPRP	C>S	11
KPRP	R>H	2
VPS11	K>R	42
VAT1L	A>V	2
ANKRD22	Q>P	1
MON2	K>Q	1
LRRK2	I>L	3
LRRK2	P>S	1
RDH13	N>K	3
DENND2B	D>E	9
PNLIPRP2	D>H	6
ANXA4	S>R	1
CHCHD6	A>S	12
GANC	L>V	31
HERPUD1	R>H	7
HPX	G>A	1
KRT77	D>N	7
KRT77	T>M	4
KDR	V>I	1
SCARF2	A>G	4
PTPRC	I>L	39
EXD2	Q>H	23
PSCA	E>K	3
NSUN5	D>N	3
EMILIN1	E>K	6
ATP5MJ	I>V	1
ATP5MJ	I>L	21
TBXAS1	Q>E	1
TRIP6	V>I	1
CCDC88B	W>R	6
CA3	V>I	151
CNPY1	->L	3
CNPY1	->A	3
TRAF3IP3	Q>E	15
KIAA2012	E>-	1
STYXL2	D>N	1
KIF16B	M>T	11
LVRN	L>F	6
TMA16	Q>P	2
ACADSB	E>K	1
GPCPD1	T>I	1
DNAH17	I>V	1
PDE6D	D>N	3
HTATIP2	S>R	77
PPP6R3	A>V	1
KLK10	L>P	3
KLK10	S>A	1
PLEKHA6	P>L	16
TMEM231	L>V	5
NIPSNAP3A	R>Q	6
RIMBP2	D>N	1
CAPZA1	D>N	2
MPC2	D>N	123
STK10	T>M	9
COL3A1	A>T	14
GBP2	P>A	15
C8B	G>R	61
PRODH2	R>Q	2
SULT1C2	S>A	2
HSCB	I>M	2
NAT10	Y>H	48
PCF11	P>T	3
MCC	K>R	2
UTP14A	V>A	4
C2CD4B	F>V	1
USE1	L>S	32
ZZEF1	I>V	9
OR52E2	G>D	1
PDE5A	A>V	50
HP1BP3	G>-	2
CENPF	N>D	2
PARP14	R>K	3
DMAC2	N>S	5
KLK3	L>I	11
NDUFS2	P>A	19
VEZT	S>A	2
BST1	R>H	2
VCAN	D>Y	57
VCAN	F>Y	5
CFAP410	Q>R	4
DUS2	E>Q	3
LDHC	I>L	1
MOCS2	T>A	1
YY1AP1	D>N	1
FAM83H	P>L	2
FAM83H	S>N	2
FAM83H	Q>H	7
SEPTIN1	G>-	1
SEPTIN1	K>-	1
ACSM5	D>N	4
ACSM5	P>R	3
S100A7A	E>D	2
TBX3	S>T	1
IGHV5-51	A>V	6
DCTN1	R>Q	1
PDHA1	M>L	1
ABCC8	A>S	1
CEP70	S>N	2
CTRL	H>R	2
SULT1A2	N>T	1
DNAAF5	V>A	1
CDC42BPG	D>N	1
KRT32	S>Y	1
ACOT2	E>G	7
ACLY	E>D	4
CCDC124	E>Q	31
PCMTD1	N>I	1
PLSCR3	V>I	1
PACSIN3	A>V	1
CFAP77	P>L	2
IGHV1-3	T>M	12
GSDMA	V>L	1
GSDMA	T>N	1
PLCG1	I>T	17
ALOX12	Q>R	1
P3H3	T>A	8
EEF1B2	G>R	17
TUBA1C	E>K	2
LGALS3	Q>H	25
KRT6B	G>R	16
TRIM33	I>T	5
TRMT5	E>Q	1
EIF5B	K>T	22
ATAD3A	R>Q	2
TCHH	K>Q	1
ALDH1A3	M>V	2
DDX60L	D>N	1
CPA3	T>M	103
SEPTIN4	E>V	2
PRAP1	H>R	10
PPIL3	D>E	1
SCRN1	S>N	6
PNPLA7	R>Q	1
NEIL2	P>T	1
HAAO	I>V	51
AGFG2	C>S	2
FMNL1	P>A	17
KIF3B	E>K	1
CPVL	A>V	74
ALCAM	T>M	9
ATP9B	E>Q	1
VWA5A	E>K	1
VWA5A	S>I	1
MYO1G	M>T	10
PTPN21	V>A	1
SLC14A1	E>K	1
SLC5A6	L>F	1
PGLYRP2	R>Q	5
ACSS3	A>S	13
LRPAP1	R>H	3
GSDME	P>T	7
SUCLG2	T>A	49
POLR1B	S>L	1
NDUFC1	E>Q	11
ESF1	I>L	1
CMC2	V>I	6
ITGA9	Q>R	1
EIF4G1	L>P	2
MTAP	V>I	51
AP3S1	A>T	8
NAAA	V>I	1
CACNA1S	R>C	3
REPIN1	R>H	2
ABCD4	E>K	6
FBXW8	R>Q	1
PCCA	I>V	12
LAMB3	N>S	1
PIBF1	I>V	4
OPA1	S>N	32
GDPGP1	M>T	4
SLC25A6	Q>R	1
CGNL1	T>A	17
CYP2B6	K>R	2
H3C14	R>-	7
DOCK1	A>T	2
MRPS27	G>D	60
COL6A5	Q>R	1
NADK	N>K	1
IGLC2	T>I	1
LILRB2	R>H	3
RGMA	A>V	1
COMT	V>M	41
MYO18B	W>R	1
GLYAT	N>S	9
VMAC	R>H	2
METTL7B	P>H	10
CRAT	L>M	37
MMP3	K>E	2
ICAM5	I>L	1
ADH1B	R>H	1
ADH1B	H>R	171
AHR	R>K	3
FARSA	E>V	1
FARSA	W>-	1
FARSA	G>-	1
FARSA	Q>V	1
FARSA	Q>K	1
ANKRD44	I>M	1
INPP5D	H>Y	2
VNN2	L>M	1
COQ7	T>M	9
CD200	P>T	7
SERPINB5	S>P	7
SERPINB5	I>V	7
GORASP2	S>F	1
GIP	S>G	3
NLRP2	R>K	2
POM121C	Q>P	1
GKN2	S>N	5
GINM1	V>I	16
DNAH11	P>S	1
IQSEC1	P>S	2
FNIP1	Q>R	1
MTRF1L	R>Q	2
ARMT1	A>T	2
THBS3	S>G	10
MMS22L	E>D	1
TRAPPC5	S>A	8
SP140L	M>T	4
ABCB1	S>N	3
MAP7	R>W	27
FARP2	V>I	2
ATRX	E>Q	10
CNDP1	D>N	4
COG3	N>S	3
EIF2B4	R>G	1
SEC14L4	V>M	3
ADAM12	G>R	3
SLCO2A1	A>T	1
CASP7	D>E	9
RYR2	Q>R	1
SEMG2	S>N	1
GPR158	I>V	2
CSMD1	E>Q	1
CLEC1B	G>D	3
ACOT9	E>Q	25
FABP6	M>I	1
NAA25	L>I	1
MRPL53	T>N	1
AQP9	T>A	1
SAMM50	I>V	8
TIMMDC1	V>I	1
THEMIS2	K>E	15
XIRP2	N>S	2
MDC1	D>N	11
GSTM3	V>I	28
EFHC1	R>W	1
SP100	M>T	4
TCOF1	->V	4
TCOF1	P>R	4
RPL10	S>N	20
TOR1A	D>H	7
EXOSC5	T>M	11
SHROOM2	L>F	1
ALDH16A1	A>T	1
ERLIN1	I>V	21
TRUB1	R>K	2
FRZB	R>W	1
CELSR1	T>A	1
ARSL	G>S	6
LCLAT1	I>V	3
PLD2	T>I	1
SKAP2	A>S	2
DENND2A	P>H	1
APOE	R>C	3
APOE	C>R	12
MAP7D1	A>S	1
HIP1R	V>M	3
STARD7	R>P	1
ERO1B	D>V	17
CYP27A1	P>L	4
CTSG	N>S	3
ICAM3	D>G	3
PGM3	D>N	15
TMED5	T>I	15
KRT84	K>R	5
KRT24	N>S	84
PFKM	R>Q	7
SAMD15	L>I	1
POR	A>V	1
ARL2	V>A	31
C6orf132	L>P	1
LRRC17	E>-	22
ENOSF1	M>T	4
UAP1L1	E>Q	2
GFM1	V>I	109
RNASEL	D>E	1
LDAH	R>Q	1
USP8	L>I	1
SPATA20	S>T	1
ABHD16A	N>D	1
MYO15B	A>T	1
GSTA3	I>L	29
COL23A1	T>A	1
RHOT2	R>C	10
ITIH1	Q>R	23
SLAIN1	R>S	3
EIF3A	R>W	1
SERPINA7	L>F	10
PLEK	K>N	1
WDR91	P>L	1
SLC25A26	S>N	1
SYNRG	T>A	1
HSD17B7	K>E	9
APOL1	E>K	1
NCAN	P>S	1
ITGA6	A>T	24
CPN2	Q>R	4
CPN2	V>M	1
ATL2	W>R	2
PPIG	N>D	4
TM9SF1	R>H	12
STX17	I>T	3
RABEPK	H>Y	1
ABCG8	T>K	1
FOXJ3	V>A	8
KCNJ11	K>E	1
FAM186A	H>Q	1
UQCRC2	R>H	6
NANS	E>D	15
CDC42BPA	V>I	18
MOCOS	H>R	1
CCDC69	L>P	1
DNAI4	V>M	1
C18orf21	T>A	1
MAGEA10	R>K	5
ADAMTSL3	L>F	1
PRPH	A>T	1
SLC16A7	T>S	2
AGMAT	G>R	12
AGMAT	R>Q	8
GYG2	H>R	11
CEP57	Q>H	1
TEFM	I>L	1
DHRS4	P>S	1
MYCT1	G>S	9
SLCO1B1	P>T	1
SIGLEC9	A>E	2
RABGGTA	T>A	7
BPI	E>K	1
TSFM	V>I	1
MYOZ3	S>P	1
ENGASE	S>N	3
PTPRJ	E>D	11
PTGR1	A>S	51
PIP4K2A	N>S	30
CHD1L	I>M	5
LIMCH1	M>T	3
LIMCH1	Q>-	3
NOLC1	S>P	2
IMMT	P>S	10
SFTPA1	R>W	2
CCT5	E>V	4
PMP2	I>T	1
POM121	S>N	1
IKBIP	G>S	1
DDT	D>N	4
LMAN1	M>L	15
MYBPC2	R>H	15
HOMER3	S>R	5
EIF2B5	I>V	1
PIK3AP1	K>-	1
PPFIA1	V>I	4
ATP5PO	K>R	28
GPSM1	L>I	1
LYRM4	S>A	2
KLK13	G>A	1
GATM	Q>H	15
PRPF4B	I>V	3
SPRR1A	V>I	1
TCIRG1	R>W	1
P3H1	M>I	2
IGKJ4	L>V	1
DCTN2	P>A	1
ATP10B	N>K	2
SERPINA5	K>E	5
COL10A1	M>T	3
ADAM28	V>M	1
COL6A1	R>H	6
IGHG2	V>M	2246
IGHG2	S>A	4
IGHG2	P>T	2
SLC38A10	A>G	1
SLC38A10	I>-	16
HDGF	P>L	75
SERPINA1	E>V	145
SERPINA1	E>D	1332
SERPINA1	D>N	77
AKAP12	P>L	3
AKAP12	K>Q	204
AKAP12	->E	161
AKAP12	E>D	128
AKAP12	K>E	36
AKAP12	V>M	16
AKAP12	E>G	19
AKAP12	E>K	34
CHGB	P>L	6
CHGB	T>A	55
CHGB	S>T	45
CHGB	N>H	72
CHGB	D>N	42
CHGB	A>G	127
CHGB	R>Q	23
CHGB	K>N	26
COL6A2	R>H	2546
COL6A2	I>L	6
COL6A2	D>N	373
COL6A2	A>V	2
CORO7	R>Q	14
CORO7	D>N	37
MGAM	N>D	9
MGAM	E>Q	4
PLEC	V>I	5
PLEC	R>W	25
PLEC	R>H	363
PLEC	R>Q	185
PLEC	S>P	1
PLEC	A>V	218
PLEC	H>R	2
PLEC	T>M	20
IGHG3	V>M	662
IGHG3	Q>E	7
IGHG3	V>I	76
IGHG3	N>K	46
IGHG3	E>Q	255
IGHG3	R>H	76
IGHG3	L>W	11
IGHG3	C>D	38
IGHG3	F>Y	76
IGHG3	P>R	38
ITPKB	S>A	13
ITPKB	P>Q	8
CBR4	L>M	347
THRAP3	A>V	173
LMO7	P>R	1
LMO7	R>C	1
LMO7	P>S	9
LMO7	M>T	102
LMO7	V>M	1
LMO7	V>I	14
PSMD13	N>S	128
MYH11	A>T	513
MYH11	V>A	460
MYH11	L>I	555
CAND2	H>P	16
PGM1	R>C	22
PGM1	I>V	139
FGL1	I>V	61
GOLGA3	P>L	24
GOLGA3	D>N	3
GOLGA3	N>S	4
NOP56	V>A	62
NOP56	M>T	15
NOP56	I>V	21
PDCD4	D>N	38
SORBS3	E>K	1
SORBS3	T>A	13
SORBS3	I>T	114
CAVIN2	Q>E	7
RRBP1	L>H	39
RRBP1	R>L	91
RRBP1	Q>K	19
RRBP1	S>A	45
RRBP1	R>K	45
RRBP1	K>R	3
RRBP1	S>L	509
RRBP1	A>D	19
RRBP1	G>D	25
RRBP1	Q>R	3
PCMT1	V>I	152
SLC30A9	T>A	40
GAA	V>I	1
GAA	H>R	133
GAA	R>H	57
GAA	E>K	5
GSPT1	V>A	268
EML4	I>V	42
CYBRD1	S>N	241
IGKV1D-39	K>R	16
IGKV1D-39	S>G	16
APIP	C>Y	124
CD99	A>-	32
CD99	M>V	87
CD99	G>R	3
CD99	N>I	73
CD99	->A	191
CD99	D>N	209
IQGAP2	->A	1
IQGAP2	D>E	244
IQGAP2	I>V	102
IQGAP2	L>F	93
IQGAP2	K>E	252
SYTL4	I>V	62
AHNAK	D>G	39
AHNAK	S>P	23
AHNAK	C>Y	51
AHNAK	I>L	3
AHNAK	S>K	1
AHNAK	L>V	19
AHNAK	P>T	34
AHNAK	Q>K	38
AHNAK	->E	1
AHNAK	G>V	20
AHNAK	G>D	1
AHNAK	I>T	4
AHNAK	M>V	3
ESD	G>E	62
SLC44A2	Q>R	44
H1-6	V>L	32
H1-6	L>F	1
ENO3	V>A	154
ENO3	N>S	166
DNAJC10	L>I	9
DNAJC10	D>N	31
DNAJC10	H>Q	15
GFAP	T>A	30
GFAP	D>N	11
IGHV3-74	Y>S	2
IGHV3-74	L>V	116
GPLD1	T>I	22
DMD	N>K	1
DMD	R>H	57
DMD	D>N	8
DMD	N>D	3
DMD	K>Q	40
DMD	R>W	4
DMD	E>V	3
DMD	D>G	27
CTSC	I>T	15
CTSC	I>V	11
ATP6V1E2	D>N	12
ARHGEF18	Q>R	11
C8A	E>Q	21
C8A	Q>K	3
C8A	D>N	115
C8A	P>L	21
KRT7	A>T	5
KRT7	H>R	84
FABP1	T>A	808
PALM	T>A	33
SUMF2	D>E	28
MYH9	I>V	198
PPL	E>Q	30
PPL	R>S	1
PPL	L>M	1
PPL	A>V	18
PPL	Q>E	22
MYOM3	M>T	51
MYOM3	R>Q	6
MYOM3	I>T	28
MYOM3	D>H	13
MYOM3	D>G	5
MYOM3	P>S	1
ACAT2	K>R	15
CHD4	E>D	11
GTF3C3	N>S	3
SLK	E>Q	4
SLK	T>I	18
SLK	C>Y	57
IGKV1-8	F>L	22
IGKV2D-29	P>S	25
GSTO1	E>K	1
GSTO1	S>L	2
GSTO1	K>E	2
GSTO1	A>D	180
GSTO1	E>L	2
CLU	D>N	195
CLU	N>H	2
RPL13	A>T	43
ADD1	G>W	34
ADD1	S>C	45
TG	D>G	190
TG	V>L	1
TG	G>R	1
TG	W>R	319
TG	P>L	1
TG	M>V	509
TG	S>A	334
TG	G>D	3
TG	R>W	2
TG	S>L	51
TG	R>Q	198
TG	A>T	4
GLRX5	A>T	14
TRDN	I>S	32
TRDN	D>E	1
TNKS1BP1	Y>S	2
TNKS1BP1	T>S	11
TNKS1BP1	H>R	4
TNKS1BP1	P>S	9
TNKS1BP1	V>A	1
CFH	Q>E	3
CFH	V>I	14
CFH	E>D	25
HCLS1	E>K	139
HCLS1	I>L	57
HCLS1	T>A	77
TNXB	R>H	9
TNXB	E>K	1
TNXB	V>M	27
TNXB	T>M	27
TNXB	S>A	5
TNXB	F>Y	8
HSPB6	S>T	6
ETFB	T>M	12
SYNPO2	G>A	144
SYNPO2	Q>H	83
SYNPO2	T>A	434
SYNPO2	A>T	1
SYNPO2	R>-	232
TPSAB1	V>I	8
TPSAB1	V>L	23
TPSAB1	T>M	1
TPSAB1	G>D	1
TPSAB1	Q>K	52
TPSAB1	R>P	1
AHNAK2	L>S	52
AHNAK2	D>H	1
AHNAK2	Y>D	9
AHNAK2	Q>A	35
AHNAK2	P>L	10
AHNAK2	S>L	15
AHNAK2	E>Q	6
AHNAK2	L>I	6
AHNAK2	R>H	2
AHNAK2	P>S	27
AHNAK2	T>A	21
AHNAK2	D>N	142
AHNAK2	E>K	1
AHNAK2	M>V	43
AHNAK2	L>V	3
AHNAK2	A>V	1
AHNAK2	K>R	2
AHNAK2	M>L	28
AHNAK2	C>S	2
AHNAK2	S>M	6
AHNAK2	P>A	21
AHNAK2	G>E	5
AHNAK2	V>M	5
AHNAK2	V>I	17
AHNAK2	K>-	2
AHNAK2	M>I	27
FLG	S>Y	31
FLG	S>T	15
FLG	E>D	2
FLG	N>R	19
FLG	Q>G	1
FLG	E>Q	21
FLG	R>-	26
FLG	S>P	1
FLG	D>E	8
FLG	R>H	2
FLG	G>S	5
FLG	T>I	12
FLG	S>A	61
FLG	A>V	60
FLG	R>S	2
FLG	T>A	2
FLG	Q>E	18
FLG	H>Q	17
FLG	N>C	4
FLG	D>N	7
FLG	V>M	1
FLG	A>S	4
FLG	E>K	11
FLG	G>R	3
FLG	G>A	3
FLG	P>S	17
SUCLA2	S>T	128
TNC	V>I	5
TNC	G>V	1
TNC	R>K	3
TNC	A>T	20
TNC	Q>R	57
TNC	E>Q	2
PDLIM5	A>T	107
PDLIM5	T>A	110
PDLIM5	S>N	212
PDLIM5	S>F	17
PRKCSH	A>T	99
PRKCSH	E>-	5
ACTN2	D>N	172
KLK1	K>E	7
KLK1	E>Q	1
LAMA2	I>N	2
LAMA2	E>K	2
LAMA2	A>V	3
LAMA2	R>S	1
LAMA2	T>A	14
LAMA2	G>S	15
LAMA2	D>N	30
LAMA2	V>M	6
TBCK	M>I	2
TBCK	T>M	1
ADH1C	I>V	483
ADH1C	G>-	18
MYOF	Y>F	2
HSP90B1	E>-	61
C7	T>P	69
C7	S>T	91
C7	T>S	41
GSN	T>M	12
GSN	T>S	19
GSN	K>R	32
GSN	N>D	3
ZSCAN18	G>E	8
DCAF8	I>V	1
RTN3	V>A	3
RTN3	A>E	2
TBC1D9B	K>T	24
WNK1	M>I	2
WNK1	->G	2
SIGLEC1	A>V	7
SIGLEC1	V>M	2
HSPG2	M>V	458
HSPG2	S>N	20
HSPG2	R>Q	18
HSPG2	V>M	1
HSPG2	V>I	64
HSPG2	A>V	28
HSPG2	H>Y	25
HSPG2	A>T	61
HSPG2	G>S	75
HSPG2	S>G	8
HSPG2	Q>K	15
A2M	E>K	1
A2M	A>V	9
A2M	N>D	440
SYNM	V>L	1
SYNM	S>L	72
SYNM	V>A	44
SYNM	R>W	15
SYNM	E>G	131
SYNM	P>L	26
SYNM	V>I	41
SYNM	D>N	11
FLNB	E>Q	30
FLNB	D>N	50
FLNB	V>M	58
FEZ2	E>G	1
FEZ2	P>L	1
TRAPPC10	D>N	1
TRAPPC10	V>M	1
SEPTIN11	I>L	15
PPP1R2B	D>N	2
TMEM132A	A>V	1
SPEN	L>P	13
SPEN	N>D	2
DMAC1	P>T	34
ACAD9	R>Q	3
MUC2	R>C	4
MUC2	T>I	2
MUC2	D>N	4
MUC2	E>K	10
MUC2	V>M	42
UGT2A2	V>I	86
UGT2A2	M>I	86
SYNE2	S>N	5
SYNE2	A>V	43
SYNE2	S>G	16
SYNE2	M>T	1
SYNE2	N>H	2
SYNE2	N>S	1
SYNE2	I>L	1
SYNE2	P>A	1
SYNE2	D>H	34
SYNE2	L>M	15
SYNE2	H>R	15
SYNE2	I>V	9
SYNE2	A>T	5
SYNE2	D>N	11
POLR1A	P>A	9
POLR1A	K>E	1
ITGAV	V>I	84
INF2	P>-	3
HPS4	V>M	1
HPS4	H>Y	1
HPS4	S>I	1
PDCD6IP	N>S	31
PDCD6IP	S>L	46
ZXDC	P>A	8
CHGA	->E	3
CHGA	R>W	10
IST1	M>-	5
IST1	P>-	5
MCCC1	H>P	67
PRUNE2	N>D	3
PRUNE2	Q>E	1
PRUNE2	M>I	1
PRUNE2	L>I	8
PRUNE2	S>P	49
PRUNE2	C>R	26
NUCB2	Q>E	10
NUCB2	Q>-	15
SARDH	R>H	13
KLHL15	H>Y	1
WDR4	K>N	1
ANKLE2	H>Y	1
ANKLE2	Q>E	2
ANKLE2	D>N	12
PFAS	P>L	5
PFAS	P>S	6
PFAS	L>P	13
NDUFV3	D>N	15
RIPK2	I>T	1
SERPINF1	T>M	4
SEC23IP	K>E	1
MIA3	K>R	1
MIA3	E>G	2
MIA3	K>E	11
ZNF579	->G	2
SON	R>C	7
TAP1	R>Q	6
TAP1	G>C	1
TAP1	D>G	32
ATXN1	->Q	4
NIBAN1	L>P	33
NIBAN1	N>H	12
NIBAN1	S>L	6
PTPRN2	S>P	2
PTPRN2	R>H	9
LAMA5	H>Y	5
LAMA5	A>T	12
LAMA5	V>M	13
LAMA5	A>V	1
LAMA5	R>H	14
LAMA5	M>T	54
LAMA5	H>L	4
LAMA5	F>S	55
LAMA5	T>A	162
LAMA5	R>W	82
LAMA5	H>R	33
MROH1	A>V	2
HLA-B	V>A	7
HLA-B	S>A	14
HLA-B	Y>L	12
HLA-B	Y>S	3
HLA-B	Y>F	10
HLA-B	Y>H	14
HLA-B	D>L	49
HLA-B	D>F	14
HLA-B	V>M	14
HLA-B	D>H	17
HLA-B	Y>C	6
HLA-B	R>S	23
HLA-B	I>V	7
HLA-B	F>C	6
HLA-B	S>F	10
HLA-B	S>L	12
HLA-B	D>N	85
CLGN	A>S	2
CLGN	V>I	2
FCGBP	P>L	31
FCGBP	S>A	6
FCGBP	Q>E	35
FCGBP	G>R	2
FCGBP	P>S	2
FCGBP	A>T	10
FCGBP	R>H	136
FCGBP	E>K	14
FLVCR1	A>P	2
PNPLA6	A>P	8
PRL	S>F	2
CYP2C9	K>-	1
CYP2C9	I>L	5
CYP2C9	R>C	21
GSTM1	N>S	1
GSTM1	A>T	1
GSTM1	A>P	3
GSTM1	V>L	2
EPB41L3	P>S	2
EPB41L3	E>Q	24
PARP10	I>V	4
HAL	V>I	73
AKAP9	N>S	1
AKAP9	K>R	2
AKAP9	P>S	20
LRRFIP1	R>G	17
LRRFIP1	Q>R	1
LRRFIP1	K>E	6
LRRFIP1	P>L	6
LRRFIP1	H>D	80
OBSL1	R>K	2
MUC5AC	T>A	2
MUC5AC	R>Q	61
MUC5AC	R>H	69
MUC5AC	V>F	1
MUC5AC	R>W	10
MUC5AC	A>K	7
MUC5AC	A>V	1
MUC5AC	S>R	16
MUC5AC	S>N	1
MUC5AC	G>S	2
MUC5AC	T>I	5
MUC5AC	P>T	4
MUC5AC	D>E	15
MUC5AC	S>F	1
MUC5AC	H>Q	10
DMRT2	A>P	2
PNP	G>S	47
ANPEP	E>Q	47
ANPEP	R>Q	8
ANPEP	S>N	1
ANPEP	I>M	17
FLG2	C>S	1
FLG2	R>Q	10
FLG2	E>K	1
FLG2	G>E	1
PNPLA2	L>P	4
SDHAF1	C>S	23
PRODH	A>T	5
PRODH	R>H	1
PRODH	P>S	1
HSD17B4	R>H	2
HSD17B4	W>R	4
LECT2	I>V	4
SETX	I>V	2
CDH11	T>M	3
CDH11	M>I	3
NID1	V>I	74
NID1	Q>R	49
NID1	V>M	2
NID1	Q>H	6
ALDH1L1	L>P	2
ALDH1L1	D>G	113
ALDH1L1	E>A	3
ALDH1L1	I>V	27
TANC1	T>A	18
TANC1	P>S	1
MEGF6	L>P	2
MEGF6	A>V	1
MEGF6	G>A	2
EPPK1	E>A	1
EPPK1	R>W	2
EPPK1	A>-	40
EPPK1	D>N	67
EPPK1	A>R	85
EPPK1	T>A	22
EPPK1	R>C	6
EPPK1	F>S	1
EPPK1	R>Q	1
EPPK1	V>M	1
EPPK1	L>V	8
EPPK1	Y>C	1
EPPK1	T>-	2
EPPK1	R>H	1
EPPK1	D>E	15
EPPK1	K>E	15
EPPK1	A>V	22
EPPK1	Q>R	2
EPPK1	A>T	24
LYZ	T>N	27
MDN1	A>S	2
MDN1	I>V	2
MDN1	H>Y	1
IFI16	S>T	180
IFI16	Y>N	178
IFI16	R>S	178
IFI16	S>F	7
OPLAH	V>I	1
OPLAH	S>R	3
OPLAH	R>Q	3
ATXN2	Q>-	16
TDRP	A>-	3
GLYATL1B	N>D	1
MMUT	A>T	40
MMUT	I>V	120
MMUT	R>H	30
MMUT	E>Q	6
MAP4	L>V	24
MAP4	W>C	2
MAP4	V>I	141
MAP4	E>Q	64
MAP4	T>S	1
MAP4	S>Y	5
CRACR2B	R>Q	6
APPL1	E>G	14
SDF2L1	D>N	18
ANXA8	G>A	2
ANXA8	D>N	2
GRIPAP1	L>P	2
ADPRHL1	P>-	2
ADPRHL1	A>S	3
ADPRHL1	R>W	3
ADPRHL1	->S	1
PGAP6	T>A	1
PGAP6	P>L	1
SLC4A2	G>E	5
SLC4A2	E>-	1
SLC4A2	A>-	1
HLA-DMB	S>N	4
SYNPO	V>M	1
NID2	R>Q	7
NID2	G>D	172
NID2	G>V	119
NID2	P>H	5
NID2	P>L	6
NID2	P>S	1
CAVIN3	L>P	1
CAVIN3	R>P	258
PALM2AKAP2	K>Q	97
PALM2AKAP2	->A	1
PALM2AKAP2	->E	1
FRY	G>S	1
FRY	C>S	1
GPRIN2	R>G	4
GPRIN2	V>A	2
PRRC2C	A>T	7
PRRC2C	N>D	1
PRRC2C	D>N	3
IGKC	V>L	174
IGKC	S>N	9
LIPT2	A>V	1
VIM	Q>R	1
MRPL12	S>P	1
TTC38	R>-	1
TTC38	F>L	105
LTF	E>D	209
LTF	A>T	28
TSPYL6	P>A	1
TSPYL6	G>E	1
LTBP1	V>A	11
AIMP1	P>A	1
LAMB1	D>N	4
LAMB1	Q>R	16
LAMB1	I>T	4
LAMB1	P>S	15
SCRN2	M>V	247
SCRN2	E>Q	51
HMCN2	A>P	3
HMCN2	H>R	9
HMCN2	R>S	1
HMCN2	R>L	1
HMCN2	A>G	11
PLIN4	T>A	59
PLIN4	V>A	186
PLIN4	V>M	171
PLIN4	S>G	89
PLIN4	N>K	55
PLIN4	A>T	185
PLIN4	T>I	1
PLIN4	G>S	8
PLIN4	I>V	2
PLIN4	M>V	9
PLIN4	K>N	87
PLIN4	L>F	3
PLIN4	V>L	17
CEP192	L>P	3
CEP192	L>F	1
ATPAF1	S>G	2
BCO2	H>R	2
BCO2	L>P	6
FAM110C	I>T	4
CDKN1B	V>G	4
PPP1R3G	P>Q	6
MAGEB10	R>Q	1
MAGEB10	F>S	1
ABCC6	E>Q	7
ABCC6	I>V	2
SYNE1	K>R	31
SYNE1	D>N	14
SYNE1	F>V	70
SYNE1	S>T	12
SYNE1	G>A	6
CBR3	V>M	4
PLG	D>N	1
GRSF1	S>P	8
FERMT2	D>A	3
RTN4	A>T	12
PAWR	I>M	2
HGD	A>S	2
HGD	Q>H	5
PLEKHO2	P>S	1
ALDH4A1	V>M	31
ALDH4A1	V>I	33
MYOT	A>S	11
DNAJC3	E>Q	7
CRNN	P>L	4
CRNN	E>Q	4
ECH1	G>R	3
ECH1	E>A	99
NACA	S>T	1
PPIC	N>S	4
HRC	->E	1
HRC	S>P	1
ABAT	M>T	17
PGM2L1	L>P	23
PGM2L1	V>I	50
LAMC1	R>Q	13
LAMC1	N>S	17
LAMC1	L>P	129
LAMC1	I>V	118
COL18A1	V>M	2
COL18A1	D>N	126
HSD11B2	V>I	1
R3HDM2	R>H	2
SLC25A22	L>V	4
LY75	E>D	1
LY75	D>E	1
CLEC3B	G>S	177
CP	E>D	592
CP	E>K	1
CP	R>H	14
HDLBP	N>S	73
FERMT1	I>T	2
ACAN	Q>R	8
ACAN	D>E	2
ECHDC3	A>T	186
ECHDC3	D>N	68
CALCOCO2	P>A	5
CALCOCO2	G>E	6
ZFYVE19	S>A	17
PSG5	R>H	7
PSG5	T>S	2
PEAK1	S>T	6
OTC	Q>R	5
OTC	K>R	1
WASHC2A	G>R	6
WASHC2A	P>T	1
WASHC2A	G>E	1
C4BPA	I>T	31
SHF	A>P	3
CT47A3	P>L	3
KRT78	L>P	1
ORM2	D>N	33
RPL8	I>V	8
GPC4	A>V	25
SPARCL1	T>A	4
SPARCL1	H>D	8
SPARCL1	A>D	28
PSMF1	F>C	10
PRH2	R>C	75
MPRIP	S>-	64
MPRIP	P>Q	113
PLIN5	C>R	1
RPN2	G>D	9
RPN2	V>L	2
PIGR	G>S	23
PIGR	V>I	3
ZNF598	A>T	2
KRT1	S>G	12
ADD2	D>N	1
TACC3	G>E	2
DIS3	N>S	1
DIS3	E>K	4
SRP14	P>A	46
ARHGAP12	F>S	2
PDLIM1	N>S	109
IGHA1	E>D	82
ACOX2	Q>E	1
RWDD4	I>L	1
NHLRC1	P>L	1
SMTN	->S	1
SMTN	A>V	184
SMTN	A>P	559
SMTN	V>M	6
SMTN	E>Q	1
TUBB8	G>V	1
IGHG4	S>P	10
IGHG4	Q>P	18
IGHG4	A>T	2
IGHG4	V>I	62
PRRC2A	G>A	1
ALDH1B1	R>L	742
ALDH1B1	V>M	272
OBSCN	V>D	31
OBSCN	D>G	4
OBSCN	R>W	1
OBSCN	E>K	4
OBSCN	S>C	1
OBSCN	D>E	15
OBSCN	Y>C	2
OBSCN	V>M	16
OBSCN	F>L	7
OBSCN	G>S	31
OBSCN	L>V	6
OBSCN	Q>E	4
SCARF1	E>D	7
AK1	E>Q	26
CYP1B1	N>S	1
CYP1B1	R>G	1
CYP1B1	L>V	1
NIPSNAP3B	E>K	1
NIPSNAP3B	A>G	1
NIPSNAP3B	K>E	1
TBC1D10A	R>H	11
TRARG1	F>S	4
TRARG1	S>G	10
CYBA	V>A	45
SORBS1	T>A	26
SORBS1	R>H	5
SORBS1	L>P	241
SORBS1	Y>C	26
CRYBG3	S>F	2
CRYBG3	V>M	2
CLIC6	Q>E	9
HK3	T>S	1
FAM241A	G>E	32
GSTA2	S>T	6
PLVAP	P>L	7
HFM1	I>V	1
PIKFYVE	P>S	1
HBB	E>V	6
HBB	E>K	1
PALLD	S>G	12
KRT18	G>A	4
PIEZO1	P>S	2
PIEZO1	V>L	2
PIEZO1	P>L	1
FREM2	R>C	1
FREM2	L>I	2
FREM2	T>I	23
CRISP3	A>S	2
HYDIN	P>H	2
NTS	L>I	2
HNF1A	I>L	5
ANXA2	V>L	320
NUP210	A>V	5
NUP210	R>L	16
AGL	P>S	23
LAMC3	P>Q	3
LAMC3	R>Q	2
LAMC3	P>S	6
LAMC3	P>H	4
LAMC3	S>G	2
LAMC3	T>M	2
LAMC3	H>Q	10
LAMC3	E>G	1
SPTA1	G>E	2
SPTA1	A>D	9
SPTA1	D>N	1
SPTA1	C>R	77
SPTA1	Y>C	2
SPTA1	A>P	2
SPTA1	L>V	17
ARHGEF10L	I>V	3
RGPD3	E>Q	6
RGPD3	K>N	11
ATF7IP	N>I	4
TNS1	E>-	27
TNS1	V>I	56
TNS1	W>R	58
TNS1	N>S	9
TNS1	R>W	54
TNS1	->Q	4
CRIP1	A>V	124
TXNRD2	A>S	74
TXNRD2	E>Q	6
TXNRD2	S>R	7
TXNRD2	I>T	128
IPO4	P>A	1
IGLV10-54	V>A	1
IGLV10-54	I>N	2
CKAP4	A>T	25
CKAP4	P>-	145
PCK2	D>N	102
ANK1	A>V	5
VAV2	M>V	29
FGA	T>A	1
FGA	E>Q	4
SORD	Q>L	83
SORD	N>T	442
SELP	S>N	2
PRR33	T>A	6
LGALS2	D>N	15
WDR36	I>V	16
SALL2	S>P	1
EHD2	P>L	2
TMEM43	M>T	103
TMEM43	K>N	100
AKR1A1	N>S	77
LTBP4	D>N	13
LTBP4	T>M	16
LTBP4	V>I	19
LTBP4	T>A	18
ERAP1	Q>E	9
ERAP1	I>M	1
ERAP1	R>Q	7
ERAP1	K>R	9
RTF2	M>V	2
IGHV2-70D	D>G	1
IGHV2-70D	S>N	1
IGHV2-70D	K>Q	1
IGHV2-70D	G>A	1
PON1	L>M	88
PON1	I>L	19
EFHD1	A>V	1
EFHD1	K>R	55
D2HGDH	A>V	4
D2HGDH	V>I	2
SPEF2	N>K	1
SPEF2	I>T	1
SPEF2	N>H	1
SPEF2	D>N	3
DPEP1	E>Q	1
GPX1	P>L	24
GPX1	A>T	2
GPX1	A>L	15
CTBP2	L>P	2
ZYX	H>L	6
ZYX	L>I	4
ISG15	S>N	41
FAM114A1	V>I	17
FAM114A1	L>P	9
DPYSL2	P>R	1
DPYSL2	A>T	1
COL6A3	D>N	2
COL6A3	K>Q	63
COL6A3	D>H	23
COL6A3	P>L	16
COL6A3	T>M	3
COL6A3	A>P	9
COL6A3	A>-	1
COL6A3	T>I	12
SYNC	R>Q	22
SYNC	M>V	46
SVIL	P>A	51
SVIL	I>V	22
SVIL	V>L	1
SVIL	V>A	76
SVIL	V>I	14
MICALL2	A>V	1
MICALL2	A>P	6
ZNF318	V>A	2
POTEE	M>T	6
POTEE	A>V	6
POTEE	Y>F	6
POTEE	H>Q	22
POTEE	E>Q	38
KRT2	S>G	20
KRT2	G>D	8
PEX5	M>T	1
ANO10	E>Q	4
IGLV3-21	D>Y	2
IGLV3-21	V>I	15
PELP1	T>S	1
ERCC2	D>N	2
ERCC2	K>Q	1
EPS8L1	A>T	3
EPS8L1	K>R	4
EPS8L1	Q>E	9
AP3B1	V>E	54
AP3B1	A>-	1
TEP1	V>I	4
TEP1	S>P	1
TEP1	R>C	6
TEP1	I>M	2
MATN2	T>M	23
MATN2	D>N	5
VSIG10L	R>Q	1
PGM5	R>H	21
PGM5	D>N	25
COL1A2	V>M	43
NSUN2	P>Q	7
TPO	A>S	5
TPO	S>T	8
TPO	M>V	2
TPO	T>P	4
AKR7A2	A>T	3
TBC1D17	L>I	16
ALDH9A1	E>K	1
RSL1D1	S>F	1
IL12A	V>M	1
FBLN1	Q>R	1
FLNA	Q>-	3
FLNA	G>-	1
FLNA	V>-	108
NACAD	D>E	5
EEF1A2	V>G	1
EEF1A2	S>P	3
EEF1A2	Q>K	45
CEACAM5	I>V	8
CEACAM5	V>A	8
CEACAM5	E>K	34
OTULIN	D>N	1
PARP4	P>T	8
PARP4	M>T	9
PARP4	A>P	1
PARP4	R>C	30
PARP4	V>A	26
PARP4	S>Y	4
PARP4	F>Y	20
PARP4	L>R	26
PARP4	A>T	13
PARP4	L>P	28
PARP4	G>A	1
POF1B	M>L	92
ARHGAP18	T>A	9
RADIL	L>P	1
HERC1	E>D	1
HSPA6	A>V	2
PDIA4	T>M	7
PDIA4	D>N	91
HINT3	G>A	52
NPEPL1	L>V	3
SUN2	G>S	14
ASMTL	V>M	31
ASMTL	S>P	25
LRP1	T>I	2
LRP1	Q>P	61
MRPS17	S>T	1
MCEE	A>V	25
MCEE	R>L	76
MAP1B	P>L	4
COL5A1	D>N	4
COL5A1	G>S	2
THG1L	L>P	1
LUZP1	D>N	26
LUZP1	S>N	1
LUZP1	G>S	4
DPP3	R>H	3
DPP3	E>K	3
IGHG1	A>G	51
IGHG1	G>-	162
DST	R>H	4
DST	M>I	14
DST	A>T	5
DST	V>L	2
DST	D>N	5
MSH6	G>E	4
WDR1	I>V	78
MSRB2	E>G	3
MYO18A	R>Q	3
MYO18A	H>Y	5
MYO18A	A>V	38
EFL1	E>D	3
CSH1	D>N	112
RAB11FIP5	G>-	2
CHIA	I>V	1
CD226	S>G	2
PIH1D1	V>I	10
PIH1D1	M>L	48
PIH1D1	G>E	48
SERINC2	D>N	1
VAV3	D>N	2
VAV3	Q>H	1
VAV3	P>S	1
POTEI	A>T	8
POTEI	V>T	1
POTEI	M>T	1
RUNDC1	W>R	1
PHACTR4	L>I	1
IGHD	R>G	4
MRPL45	G>V	3
C5	E>D	2
UQCRC1	R>H	19
ADH7	G>A	4
FAT1	Q>P	2
FAT1	L>I	2
MMS19	G>D	12
LSR	S>N	6
LSR	S>R	6
NEFH	G>S	1
NEFH	E>K	22
GMPR	F>I	2
WDR47	->S	1
WDR47	->V	1
MAVS	S>F	28
MAVS	Q>E	18
MAVS	Q>K	30
TOPBP1	K>Q	2
PPIAL4E	L>F	107
PPIAL4E	A>V	107
PPIAL4E	A>T	107
PPIAL4F	L>F	107
PPIAL4F	A>V	107
PPIAL4F	A>T	107
MLIP	S>T	27
MLIP	V>I	31
ADGRF5	M>T	1
GLO1	E>A	18
ODAD2	R>Q	2
PSG6	H>D	4
PLOD1	A>T	1
LAD1	K>E	48
LAD1	V>-	14
LAD1	L>-	1
LAD1	V>F	1
LAD1	T>A	1
IFITM2	V>A	82
IFITM2	M>T	68
EIF3J	->S	8
EIF3J	A>T	4
CDH17	K>E	149
CDH17	E>D	13
GBP1	A>G	12
GBP1	Q>K	16
GBP1	T>S	243
POTEF	E>D	76
POTEF	E>K	1
POTEF	I>-	2
TNN	D>N	4
PCNT	V>A	11
PCNT	Q>H	8
PCNT	Q>R	5
PCNT	R>H	2
PCNT	G>E	1
TMEM128	L>I	17
ISM2	K>E	2
SPECC1	M>L	2
SPECC1	S>R	9
ECM1	G>S	23
ECM1	T>M	1
TPPP	G>A	7
CES1	A>S	2
CES1	I>T	1
CES1	S>N	56
CES1	R>P	1
XIAP	Q>P	14
WDR44	A>T	2
FPR1	E>A	9
PYGL	V>I	2
PTPN12	T>A	2
PTPN12	V>I	13
OVGP1	M>T	4
OVGP1	M>V	2
OVGP1	E>Q	2
OVGP1	S>G	10
GC	T>K	30
GC	H>R	98
GC	D>E	251
RCC1L	N>D	1
C1RL	A>T	1
C1RL	I>V	9
TACC2	A>T	11
TACC2	D>N	6
TACC2	V>A	19
TACC2	S>T	6
GRHPR	P>L	2
GRHPR	R>Q	2
CPOX	V>I	1
CPOX	R>C	2
CPOX	N>H	16
DHRS4L2	Q>H	1
DHRS4L2	A>V	1
LOXL1	R>L	15
NQO2	K>R	3
NQO2	G>D	9
TNS3	Q>H	1
TNS3	A>T	1
TNS3	R>W	3
IRS1	D>N	1
FHL5	V>M	12
FHL5	R>G	10
MYLK2	G>D	2
CD33	R>G	1
NAXD	K>E	15
PSMD9	V>A	254
FBN2	V>I	20
FBN2	E>Q	1
MPC1	L>I	32
MPC1	R>S	32
PRX	V>A	27
PRX	M>V	4
PRX	I>M	4
PRX	E>G	1
RAD23A	T>A	2
SDCBP2	G>R	2
SDCBP2	R>C	1
WDR62	L>F	2
WDR62	G>S	1
LLGL2	R>H	23
LLGL2	F>L	2
ITIH5	A>V	6
ITIH5	R>Q	6
ITIH5	T>P	127
SPINK5	S>N	5
SPINK5	R>Q	23
SPINK5	D>N	3
AKR1C2	F>Y	1
EPS8	D>E	1
PSME4	S>T	4
PLPP7	T>M	1
FAM171B	->Q	1
ENPP1	K>Q	10
LAMP3	I>V	3
DPCD	L>S	1
XDH	I>V	8
PREX1	V>M	6
PREX1	S>T	4
C6	A>E	101
DNAH7	L>P	1
DNAH7	I>V	1
C1R	I>L	21
QSOX2	K>E	3
EVPL	R>H	2
EVPL	Q>R	3
EVPL	A>V	2
PBXIP1	G>D	30
PARVB	V>A	138
KCTD3	F>V	2
RPS6KA1	K>T	4
PRNP	M>V	51
ACACB	Q>E	3
ACACB	V>I	3
DLST	F>Y	35
UBXN1	E>Q	3
SFTPD	S>T	5
EIF2AK3	A>S	1
EIF2AK3	S>C	1
IGHA2	R>Q	1
IGHA2	F>Y	1
IGHA2	Y>F	5
IGHA2	A>V	1
IGHA2	I>V	1
IGHA2	P>H	5
H2BC21	P>S	1
TUT7	K>-	21
CFI	T>A	14
EPCAM	Q>H	11
MYBBP1A	Q>E	3
MYBBP1A	M>L	3
B9D2	->L	1
B9D2	->D	1
SDHA	V>I	83
SDHA	Y>F	37
LRRC1	Y>C	3
GSDMB	P>S	8
GLRX3	P>S	22
GLRX3	Q>H	13
LONRF2	D>E	1
IGLV7-46	L>S	2
CWC27	P>A	3
LHB	L>-	8
MRC1	T>I	7
EEPD1	S>N	1
EEPD1	P>S	1
ABI3	F>S	57
SH3BGR	V>A	69
F13A1	V>L	174
F13A1	E>Q	322
F13A1	V>I	3
PKP2	A>V	1
PKP2	L>P	6
FRAS1	K>E	4
FRAS1	E>D	7
FRAS1	D>G	1
FRAS1	Y>D	6
FRAS1	D>N	3
RIN3	G>-	13
RIN3	H>R	1
TTN	L>I	1
TTN	T>M	5
TTN	A>P	61
TTN	E>Q	10
TTN	V>A	3
TTN	G>V	1
TTN	P>L	53
TTN	I>T	60
TTN	N>F	1
TTN	D>H	3
TTN	S>N	4
TTN	G>R	1
TTN	S>L	149
TTN	R>H	38
TTN	V>M	35
TTN	S>T	2
TTN	E>K	1
TTN	T>I	79
TTN	N>D	60
TTN	V>I	38
TTN	R>G	4
TTN	Y>C	26
TTN	I>V	30
TTN	L>P	1
TTN	N>S	6
NUP205	L>V	6
UTRN	A>S	1
UTRN	N>S	4
IGKV2-30	Y>H	40
C2orf72	A>G	17
OLFML1	E>V	21
NCOR2	->Q	5
GMPPB	Q>R	248
PLCD1	R>H	1
PLCD1	D>N	31
TPSB2	N>K	16
ALG12	I>V	2
MIA2	E>Q	95
HMGB2	E>-	7
HNRNPH3	G>A	14
APOL4	I>L	1
BCAS1	S>P	4
BCAS1	Q>K	5
BCAS1	Q>H	3
CST5	V>F	4
LPA	R>C	5
ATXN7	S>L	1
ABCC2	C>Y	3
ABCC2	I>L	2
GH1	F>Y	39
DOCK10	D>N	4
XYLB	D>E	3
HIVEP1	M>I	1
HIVEP1	T>A	1
PGP	D>N	1
TDRKH	D>N	1
SMC5	Q>E	1
WDR81	P>L	1
PPA2	K>N	13
ATIC	T>S	101
TRIP10	P>S	3
TRIP10	E>K	1
HEXA	I>V	158
HEXA	N>D	1
ZNF24	N>S	30
NES	V>A	51
NES	V>I	29
FAM20C	E>K	1
FAM20C	N>D	1
SIGLEC5	P>A	1
RETREG2	P>Q	5
RETREG2	R>H	28
ACIN1	R>K	8
ACIN1	I>M	61
ACIN1	S>F	4
ACIN1	S>P	28
SOD3	A>T	241
LAMA4	G>S	10
LAMA4	Y>H	340
LAMA4	R>W	4
DMGDH	A>G	8
DMGDH	S>P	102
KLHL41	L>R	8
PTPRS	C>R	2
FASN	V>I	11
DHRSX	H>R	7
DHRSX	V>L	5
ABCB11	V>A	13
COL14A1	V>L	28
SPRR3	L>V	51
SPRR3	G>D	7
FYCO1	G>A	29
FYCO1	E>K	1
FYCO1	N>E	16
FYCO1	A>V	27
LPP	Y>H	49
MT1X	E>Q	1
ERF	A>V	2
GOLGB1	Y>C	8
GOLGB1	T>S	1
GOLGB1	P>S	3
GOLGB1	G>D	4
TOR1AIP1	P>R	10
TOR1AIP1	M>T	137
TOR1AIP1	Q>H	15
PITRM1	V>I	13
PITRM1	G>S	2
PITRM1	Q>R	10
PITRM1	A>V	29
PCK1	V>L	112
PCK1	I>V	16
SLC52A3	T>M	5
PSPC1	M>V	1
TAGLN	V>L	18
HPR	V>A	1
COQ5	A>T	11
PCSK1	Q>E	9
PCSK1	N>D	1
TUBGCP2	A>T	1
SORL1	V>I	31
MMP9	R>Q	17
MMP9	R>P	76
MEDAG	R>G	1
EML2	E>D	5
EML2	L>F	8
EML2	M>V	30
AGT	T>M	12
AGT	M>T	137
LAMA3	V>A	3
LAMA3	N>D	3
LAMA3	T>N	1
SERPINB2	N>D	16
PARP1	A>S	1
PARP1	A>V	2
PSG4	D>N	1
HAUS3	I>T	2
FMN1	L>P	3
FMN1	G>V	2
ADO	P>A	22
COL15A1	M>V	81
COL15A1	I>L	15
COL15A1	V>I	3
EIF2AK4	E>G	1
CSPG4	R>Q	27
STAT2	Q>H	1
YBX2	S>P	4
TMPRSS11E	N>D	1
A2ML1	M>V	17
A2ML1	R>W	10
A2ML1	D>E	26
DHTKD1	I>M	120
GOLGA5	F>L	42
TBL2	V>I	3
RDH14	V>I	1
CEP131	V>A	1
CEP131	T>A	24
RIOX2	A>T	48
RIOX2	K>Q	4
PIR	D>N	47
PIR	V>A	2
UBA6	A>T	2
GLCE	V>I	2
ITIH3	Q>K	1
ITIH3	T>M	8
AGXT	I>M	1
SIRT5	E>G	1
CEP120	R>H	2
IRAG1	P>S	1
LOXL4	D>A	1
ANXA8L1	A>V	1
COPRS	S>G	3
UGT2B10	D>Y	1
PRKDC	I>T	32
PRKDC	R>C	23
FLNC	M>T	1
FLNC	D>A	7
GOLGA8N	P>A	1
GOLGA8N	M>T	1
ACSBG1	M>V	6
MYLK	D>E	2
MYLK	E>K	1
MYLK	P>H	23
MYLK	P>S	53
MYLK	L>P	2
MYLK	T>A	1
PPP2R3A	A>S	1
PPP2R3A	D>N	1
MTPAP	N>D	16
MX1	V>I	5
PPP6R1	S>A	3
AHSG	R>H	7
RRP7A	V>I	8
ABO	G>S	1
SGSH	R>H	2
PRAG1	I>L	2
PRAG1	A>T	29
PRAG1	G>S	6
JSRP1	G>S	5
JSRP1	G>A	1
BCL2L15	D>N	61
DKK3	R>G	1
GSS	P>L	1
ATP4A	V>A	2
LBR	S>N	34
SRA1	V>R	18
RAB11FIP1	A>V	6
ACSL5	M>V	8
ACSL5	D>N	6
CALML5	S>G	4
MUC16	L>F	2
MUC16	T>M	1
MUC16	E>K	1
FOXD2	A>P	3
KRT8	R>H	68
CAMKK1	E>G	10
VILL	L>F	2
BAZ2B	P>L	1
MBLAC2	T>A	1
GSTZ1	M>T	9
UGT2B15	Y>D	56
IGKV1-39	S>T	25
IGKV1-39	Q>H	25
IGKV1-39	S>N	169
IGKV1-39	S>R	2
APOB	R>Q	14
APOB	A>V	10
APOB	A>D	2
IGKV1D-37	N>S	45
IGKV1D-37	R>Q	31
HLA-DRB5	G>-	13
HLA-DRB5	V>A	13
HLA-DRB5	->A	13
HLA-DRB5	A>L	5
HLA-DRB5	F>I	4
ECD	E>Q	10
ALG2	S>P	2
PPT1	I>T	1
PLIN1	P>A	52
TKFC	A>G	25
TKFC	A>T	4
TARS1	D>N	3
POLE4	G>V	7
NPHP4	D>N	1
NLRP6	M>L	6
LRRC15	P>L	5
LRRC15	V>I	2
SURF6	T>M	17
SLC25A15	I>L	3
PDPR	Y>F	2
PDPR	Y>H	56
PDPR	N>I	1
SCAF1	T>P	44
KRT16	C>-	6
KRT16	L>F	1
KRT16	G>S	5
KRT16	A>V	3
RRAD	Q>P	3
FGL2	G>E	6
PLA2G7	V>A	5
FBP1	R>K	45
PAICS	S>C	5
GHRL	Q>L	1
GHRL	L>M	2
LHPP	Q>R	5
LHPP	T>K	1
GPRIN1	M>V	6
IMPACT	D>E	4
IMPACT	L>V	12
MRPL41	K>E	3
PDZK1	E>K	2
COQ8B	H>R	22
IL1RL1	E>D	1
IL1RL1	L>-	1
IL1RL1	A>E	1
SPEG	R>G	6
CRB2	T>N	2
CRB2	V>A	2
IGF2R	R>G	2
SULT1A1	R>H	707
SULT1A1	V>M	707
EML1	S>P	3
EML1	A>V	2
TF	G>S	65
TF	P>S	85
HSD3B2	D>N	3
IFIT2	D>E	1
IFIT2	E>A	7
ACAD11	K>T	2
ACAD11	P>R	2
HNMT	C>Y	2
TP53BP1	D>E	27
TP53BP1	I>V	1
DDX60	D>N	2
DDX60	I>V	2
CCDC105	M>T	1
CTDP1	S>A	18
CUX1	A>T	2
MRTFA	D>N	6
PANX1	Q>H	4
SEC23A	L>V	35
VWA8	M>T	1
VWA8	R>G	8
VWA8	I>L	8
VWA8	R>H	11
MXRA5	G>S	1
MXRA5	L>V	25
ADA2	H>R	2
MPP7	D>N	18
SEPTIN14	D>N	3
STON1	K>N	7
STON1	Q>H	3
DROSHA	S>L	2
GLB1	L>F	1
TBL3	S>P	1
QRSL1	N>S	1
ADGRE5	R>Q	1
ZNF773	A>P	1
ZNF773	A>E	1
FTSJ3	Q>E	2
FTSJ3	S>C	4
ZC3HC1	R>H	4
SCN5A	H>R	4
ZNF326	D>N	22
DMXL2	S>P	2
DCN	T>M	1
DCN	K>E	3
PPID	L>I	14
FUT2	G>S	1
CD163	T>M	17
CD163	I>V	98
ASS1	L>P	1
ASS1	E>K	1
ASS1	A>T	4
ACOX1	I>M	191
CUL3	V>I	4
STK31	Q>H	1
STK31	K>N	9
ARPC1B	K>N	7
IRAK4	D>N	1
IRAK4	A>T	3
WDR18	A>T	8
WDR18	I>V	1
KANK2	M>T	31
KANK2	V>M	1
C4A	E>D	5
LRG1	P>S	29
LRG1	E>K	1
MYO9A	G>E	1
MYBPHL	D>N	8
BAG3	->A	1
BAG3	P>L	12
BAG3	N>D	49
BAG3	C>R	14
SPICE1	L>V	1
MYOM1	S>P	30
MYOM1	I>T	3
MYOM1	G>A	184
MYOM1	M>T	2
HEATR5A	V>M	10
RINL	P>L	4
PARP9	Y>C	1
ATG7	V>A	4
HSPA4L	I>T	2
HSPA4L	L>S	4
PLEKHG1	L>S	2
PBLD	H>R	16
PBLD	R>C	25
RBM45	->G	1
RBM45	->V	1
SPTB	N>D	50
SPTB	R>Q	20
SPTB	S>N	12
CNNM1	R>Q	1
AFM	Q>K	2
AFM	S>T	1
PRCC	P>S	3
DCC	R>G	2
EIF3K	D>N	8
STEAP4	G>D	19
STEAP4	A>T	49
HLA-DQB1	A>V	3
HLA-DQB1	A>S	18
HLA-DQB1	F>Y	3
HLA-DQB1	V>I	18
HLA-DQB1	D>V	16
HLA-DQB1	Y>H	1
HLA-DQB1	G>S	18
PDCD6	A>P	3
HEBP2	D>N	2
SBF2	Q>E	6
MFGE8	L>M	46
RBM19	->T	2
RBM19	Q>E	37
CYB5R2	L>W	5
CYB5R2	N>D	18
USP47	G>V	19
EMD	A>-	1
ERICH3	V>M	12
ERICH3	P>A	5
SEPTIN9	P>L	2
SEPTIN9	M>V	562
ADAD2	G>E	1
IFI35	M>V	50
IFI35	M>-	50
APOBR	E>A	1
APOBR	P>A	15
MYH6	E>Q	216
MYH6	A>S	76
MYH6	V>A	5
SERPINB3	D>N	30
SERPINB3	R>P	3
PACSIN1	A>V	2
LIMD1	V>L	1
PMS2	H>Q	5
PMS2	K>E	1
CASP1	K>R	1
TTR	V>I	3
CNTNAP5	S>L	1
RBMXL3	A>T	1
ADAMTSL1	D>G	1
NUP153	I>V	12
WDR45B	H>R	2
SIGLEC10	R>S	1
IDH1	V>I	58
F8A1	E>Q	2
SPATA18	S>P	12
MTMR7	P>A	2
IGSF10	Y>D	3
TAPBPL	A>V	57
MRPS2	H>R	9
SPOUT1	I>T	13
HSPA1B	I>V	1
BSN	G>D	1
BSN	P>S	2
BSN	A>T	4
FNDC1	Q>E	1
FNDC1	D>E	2
WRAP53	A>G	1
EPHX1	H>R	295
EPHX1	Y>H	52
HSPBP1	D>N	2
RNH1	R>H	56
EIF2S3	K>R	4
MUC17	P>R	2
CFHR1	L>V	99
CFHR1	H>Y	99
ITGA5	E>K	1
CPS1	T>A	51
CPS1	T>S	3
CPS1	A>T	13
CASKIN2	E>G	18
UGT1A6	R>S	11
UGT1A6	T>A	11
TCEAL2	D>G	2
IGHV3-20	H>Y	203
IGHV3-20	F>C	6
NEB	K>N	24
NEB	K>T	5
NEB	Q>H	2
NEB	Y>H	3
NEB	R>T	3
NEB	N>D	5
NEB	V>M	1
NEB	I>V	16
NEB	S>P	7
PRR16	P>T	1
PLBD1	V>I	37
PLBD1	P>A	12
IGHV2-70	Y>F	1
IGHV2-70	L>R	1
IGHV2-70	D>E	1
IGHV2-70	C>Y	1
IGHV2-70	A>G	3
IGHV2-70	C>-	1
IGHV2-70	Y>-	1
IGHV2-70	G>R	1
CAPN5	L>I	1
AKAP13	R>C	9
AKAP13	D>N	6
AKAP13	V>M	11
IGHV3-48	T>M	3
IGHV3-48	M>I	79
IGHV3-48	A>D	11
IGHV3-48	S>T	3
KYNU	K>E	2
ACAA1	H>Q	63
MUC5B	R>H	1
MUC5B	P>L	1
MRPL30	A>T	9
PAPSS1	E>Q	10
UGT1A8	A>G	1
THEM5	D>G	1
THEM5	L>V	1
COPE	S>C	2
TPR	S>N	1
ACAA2	M>V	10
CAPG	H>R	276
MYH3	A>T	10
MYH3	A>V	1
CDA	K>Q	7
CEP170	M>V	1
CEP170	G>S	18
NBEA	S>G	1
PDE11A	R>Q	1
PDE11A	->S	2
DPP7	E>Q	51
MOCS1	L>H	2
COL1A1	A>T	10
LRRC34	S>G	2
C1orf116	R>G	1
C1orf116	S>P	5
C1orf116	N>T	4
COPG1	L>V	5
UBA1	R>H	3
KTI12	D>E	1
SPHKAP	S>R	1
TRIM63	D>N	2
NIN	Q>E	1
KIDINS220	Q>H	6
DUOX2	P>L	18
SH3PXD2B	D>N	2
TASOR2	R>P	3
HLA-C	Y>H	1
HLA-C	Y>L	6
HLA-C	V>L	8
HLA-C	S>F	30
HLA-C	D>Y	1
HLA-C	T>S	18
HLA-C	A>E	13
HLA-C	Y>F	30
HLA-C	K>T	18
HLA-C	G>S	1
HLA-C	N>D	22
HLA-C	S>L	6
CALU	A>V	31
PDE12	R>W	5
NMI	S>L	60
RAB6C	N>D	14
SDR39U1	Q>R	10
SDR39U1	I>L	3
CLC	A>V	33
IGLV6-57	A>S	7
IGLV6-57	G>R	34
C4B	L>V	75
C4B	P>L	1
KANK3	D>Y	14
KANK3	R>H	19
KANK3	E>Q	2
TBC1D1	V>G	19
TBC1D1	I>L	12
KTN1	E>Q	41
KTN1	D>N	3
EPRS1	K>Q	4
DDTL	->L	4
DDTL	->A	4
SMTNL1	N>I	3
TRIM65	L>P	1
NRP1	V>A	47
PNO1	R>G	20
IGHV3-43	A>T	7
IGHV3-38	N>S	4
IGHV3-38	N>K	7
MYO9B	G>S	3
MYO9B	V>A	14
MYO9B	S>A	1
HAGH	V>A	1
NUDCD1	N>H	2
NUDCD1	I>V	9
SI	T>A	42
PPP1R12B	E>Q	13
KIAA1522	M>V	6
FCGR2A	Q>W	1
C2CD2	V>A	2
SKA3	V>I	2
MUC12	D>E	1
MUC12	E>K	1
MUC12	A>T	1
AARS2	I>V	34
KIF13B	R>W	1
KIF13B	D>N	2
FAM174B	S>-	1
STAU1	D>N	7
RSPH1	G>R	7
ELAPOR1	T>P	21
ELAPOR1	I>V	25
ELAPOR1	L>P	23
ZHX3	N>S	1
NDUFA6	A>V	35
DLL3	L>P	1
RSPH3	M>T	1
RSPH3	G>D	4
RSPH3	R>Q	2
C8G	H>N	1
TINAG	S>P	4
TINAG	I>L	1
TINAG	R>H	31
SWAP70	Q>E	78
ABCA6	N>S	10
AMACR	L>S	1
AMACR	Q>H	6
GIMAP7	E>K	1
HORMAD1	T>I	3
IFITM1	P>A	131
SACM1L	Y>F	17
GNAS	P>L	1
LACTB	R>K	33
LACTB	K>Q	8
RUSF1	L>M	1
GCKR	L>P	2
IRF2BP2	S>P	6
IRF2BP2	->Q	20
NFXL1	P>L	13
CAMKK2	T>S	2
MTREX	N>D	1
DLAT	D>N	85
CHID1	R>Q	92
CHID1	A>V	92
ITIH4	P>T	1
ITIH4	L>P	10
ITIH4	Q>L	3
ITIH4	I>N	1
H1-2	A>V	24
HRG	I>T	1
HRG	R>C	48
HRG	N>I	62
TARS3	A>S	7
CCL14	K>E	1
MYO7B	L>V	3
MYO7B	K>Q	3
MYO7B	G>S	2
DDX51	T>I	1
IGHV4-4	E>R	39
IGHV4-4	Y>R	39
IGHV4-4	H>T	39
IGHV4-4	Y>T	39
IGHV4-61	P>A	13
IGHV4-61	Y>T	39
IGHV4-61	E>R	39
IGHV4-61	Y>R	39
IGHV4-61	H>T	39
SUN1	H>Y	7
SUN1	E>K	19
SOGA1	F>S	1
RNF113B	I>L	1
ATL3	G>A	1
MYLK3	V>L	8
SHMT2	S>L	34
CRACD	R>P	4
CRACD	L>I	2
APOBEC2	I>T	1
LDB3	K>R	2
LDB3	D>N	5
C11orf16	P>A	3
C11orf16	V>L	1
TUBAL3	A>S	2
TUBAL3	G>R	5
HEPACAM	N>S	13
HEPACAM	M>V	42
CCN3	R>Q	2
VPS8	I>T	6
VPS8	H>Y	2
SLC2A9	G>R	1
SLC2A9	R>H	5
SLC2A9	V>I	2
FMR1NB	A>V	1
NUMA1	R>C	8
SCN7A	T>N	21
ANKZF1	P>L	9
ANKZF1	S>C	1
ZG16	G>S	48
ZG16	S>T	82
TMEM214	E>Q	22
SYN2	P>A	14
NDUFB9	P>S	22
CARMIL1	G>S	32
ATG16L1	T>A	34
ELP2	T>P	17
ELP2	V>M	1
DYNC2H1	L>I	3
COG1	E>Q	9
ENPP3	S>N	1
FAAH	P>T	4
IGKV3D-11	S>G	5
MTTP	Q>H	20
MTTP	H>Q	51
MTTP	I>T	34
SMG1	R>T	1
EGFR	R>K	11
NOX4	M>I	2
JPH2	A>T	1
REXO1	S>P	1
KCP	H>Y	3
IGLV2-18	E>D	3
IGLV2-14	E>D	24
CPNE1	V>I	4
CPNE1	Q>R	3
CPNE1	K>-	3
CPNE1	R>-	3
HCFC1	S>P	4
MYO1C	D>N	1
KRR1	R>Q	1
MRPL37	L>V	1
MRPL37	C>S	9
SLC4A1AP	P>T	41
ASPDH	Q>R	20
IGKV3-11	K>R	10
IGKV3-11	N>V	1
IGKV3-11	S>G	10
SLC16A1	D>E	57
IGHV4-28	E>A	1
FGB	R>K	5
CYS1	R>L	1
SAA1	T>S	91
IGHV4-59	S>R	4
IGHV4-59	Y>T	1
IGHV4-59	H>T	1
IGHV4-59	D>E	5
IGHV4-59	T>A	4
IGHV4-59	Y>N	1
ADGRG6	K>Q	1
INMT	D>N	7
STING1	R>Q	5
STING1	H>R	15
DMBT1	D>E	2
DMBT1	Y>S	2
CR1	Q>H	4
CR1	H>R	1
CR1	T>S	5
ALPP	I>L	33
WASHC1	H>D	52
WASHC1	F>L	68
THBS1	T>A	12
THBS1	S>A	2
CMA1	P>A	1
SERPINB10	S>A	3
SERPINB10	P>S	7
C17orf80	F>L	5
C17orf80	Q>H	1
SLC27A3	G>A	5
HTT	V>I	1
HTT	T>N	15
ITIH2	N>S	5
GGA2	A>P	32
SEC16B	A>S	1
SEC16B	H>R	25
MTMR6	I>V	9
MTMR6	A>T	6
SUSD2	P>S	1
MRPS31	T>M	1
MRPS31	D>N	16
CEACAM6	V>G	58
COMMD3	R>G	2
CPO	M>I	1
EPB41L5	T>M	1
PKP3	R>P	4
IGHV3-13	T>M	12
IGHV3-13	P>T	2
HMCN1	I>T	3
HMCN1	E>G	1
HMCN1	N>D	15
TRIM25	P>L	180
ABCC4	L>I	1
ESYT2	S>G	3
ESYT2	S>P	34
PLIN3	A>V	1
PLIN3	V>A	443
MYH14	A>E	7
MYH14	P>T	2
IGKV6D-21	S>N	3
ABHD10	I>V	14
DUS3L	R>G	5
IL7R	V>I	5
HDHD3	G>E	365
IGHV3-53	M>I	93
IGHV3-53	L>-	1
PLCG2	H>R	3
PLCG2	H>L	2
SAA2	R>H	83
USP24	V>A	38
PLXNB2	K>E	57
PLXNB2	N>D	4
PLXNB2	I>V	4
SMARCAD1	S>N	2
SMARCAD1	V>A	1
SLC26A2	T>S	4
MYH2	D>N	11
MINK1	V>A	7
MINK1	I>L	1
MINK1	P>L	7
ALDH1A2	V>I	11
LRRC47	V>I	7
EEA1	K>Q	9
SGCG	N>S	1
C17orf97	D>N	2
PJA2	Q>R	20
CD6	T>M	7
CD6	A>V	2
LYAR	D>N	5
RBFA	K>Q	1
CAPSL	R>Q	27
ADH1A	I>V	8
AGXT2	V>L	8
AGXT2	T>I	31
AGXT2	P>R	2
LRPPRC	N>D	15
CAMK1D	P>K	1
CAMK1D	A>G	1
ACADL	K>Q	12
ACADL	C>Y	1
PALD1	S>L	5
LNPK	T>S	5
TYSND1	T>A	5
RAP1GAP	A>T	4
TUBA3E	E>K	3
COQ3	K>E	22
FOLR3	Y>-	3
LPCAT1	M>T	2
MKI67	N>S	1
MKI67	T>S	1
MKI67	K>E	3
CPT2	M>V	36
CPT2	V>I	69
GSTP1	I>V	460
GSTP1	A>V	274
EFHB	T>I	1
EFHB	G>V	1
EFHB	V>I	2
CALHM6	N>K	1
COL12A1	D>N	3
USP36	R>C	3
TUBB8B	I>L	1
TUBB8B	R>Q	1
GLMP	I>V	14
CGN	Q>E	2
CGN	R>Q	1
MBD1	P>A	1
DPYSL4	I>V	3
NRAP	R>C	6
NRAP	A>V	8
NRAP	S>L	6
NRAP	Y>C	1
NRAP	V>A	24
NRAP	I>V	16
NRAP	A>T	4
PITPNM3	A>T	6
IQCG	A>D	1
IQCG	D>H	1
AKAP5	P>L	2
AKAP5	T>I	5
TRMU	A>S	2
EPS15	S>L	10
EPS15	I>M	1
UMPS	G>A	15
UMPS	I>V	2
GLTPD2	D>E	5
BIN2	S>N	13
ADAMTSL4	M>V	3
IGKV2D-28	D>N	5
ELAC2	S>L	4
TSC1	M>T	4
IGLC7	N>Y	21
RBFOX2	H>Q	6
GBP6	A>S	5
GBP6	E>K	1
GBP6	M>V	14
GBP6	V>F	2
GBP6	L>F	14
GBP6	D>V	35
GBP4	I>V	1
ATXN3	V>M	6
ASPSCR1	L>Q	20
WASHC2C	S>P	8
WASHC2C	V>I	4
WASHC2C	T>M	8
AOX1	H>R	1
AOX1	N>S	4
COMMD5	A>T	14
LONP1	V>I	2
KDM3B	S>N	1
KDM3B	A>T	3
HKDC1	W>R	26
IGKV2-40	G>D	16
IGKV2D-40	G>D	16
OBP2A	M>T	3
HLA-A	T>I	9
HLA-A	G>Q	16
HLA-A	D>H	1
HLA-A	R>E	1
HLA-A	A>S	1
HLA-A	G>R	16
HLA-A	F>S	1
HLA-A	Q>E	1
HLA-A	T>S	1
HLA-A	Y>S	1
HLA-A	H>D	9
TMEM177	D>E	1
VPS13C	I>V	8
VPS13C	S>N	10
DDX18	T>S	20
GPX8	K>R	48
NUGGC	R>P	4
ARHGAP21	S>T	1
ARHGAP21	N>S	4
CISD3	R>C	13
SPINDOC	E>Q	1
KCNMB1	V>L	1
CHDH	L>R	6
WDFY4	S>N	1
WDFY4	P>L	12
WDFY4	V>M	1
WDFY4	S>P	2
PTPN18	T>-	17
PTPN18	G>-	17
PAPLN	T>M	11
PAPLN	M>T	5
PAPLN	M>R	35
EHBP1L1	V>G	7
EHBP1L1	V>L	11
COL6A6	A>T	11
COL6A6	H>R	6
GTPBP10	C>W	4
ABR	E>D	1
ABR	E>Q	6
IGLV3-16	F>A	1
DENND5B	R>K	2
ZC3HAV1	Q>E	3
ZC3HAV1	H>Q	1
NUBP1	P>A	27
CMYA5	I>V	8
CMYA5	S>A	1
CMYA5	P>L	1
DDRGK1	A>T	21
SLC1A5	V>L	37
SQOR	D>N	9
CD207	N>D	1
DPYD	V>I	14
MYBPC3	S>G	13
MEAK7	D>E	24
MEAK7	S>L	1
MRPL9	E>A	2
ADHFE1	C>R	19
BTBD8	N>S	2
RPL14	->A	21
GPC6	V>M	2
EP300	I>V	1
MTG1	I>V	8
TLN1	S>L	257
WASHC4	V>I	74
WASHC4	D>N	25
AP5Z1	E>K	1
MT1F	A>S	4
HEXB	I>V	1
HEXB	L>S	70
HEXB	K>R	11
GNPTAB	I>L	3
CYP2A6	N>D	7
SH3RF2	V>I	1
EMC1	S>T	13
EMC1	S>N	2
FGGY	N>K	19
STOM	M>T	3
ROCK2	T>N	3
SPTLC3	L>V	1
AGRN	Q>R	5
CFAP74	V>L	1
IGLV3-25	Q>P	6
IGLV3-25	G>A	3
MVK	S>N	4
HLA-DRB1	A>E	6
HLA-DRB1	R>E	6
HLA-DRB1	H>N	76
HLA-DRB1	S>Y	93
HLA-DRB1	D>S	17
HLA-DRB1	F>S	39
HLA-DRB1	V>S	17
HLA-DRB1	Q>D	6
TBCC	V>A	16
FUCA1	P>L	10
SLC7A6OS	G>D	2
IGHV3-30	N>H	22
IGHV3-30	S>N	19
IGHV3-30	V>M	53
IGHV3-30	G>A	19
IGHV3-15	S>N	4
ASCC3	S>C	7
ASCC3	L>F	1
MAN2B1	A>S	3
MAN2B1	->Q	7
MAN2B1	R>Q	7
MAN2B1	D>N	2
MAN2B1	L>V	3
METTL2B	E>K	1
KANK4	D>N	2
KANK4	H>R	2
KANK4	V>A	4
KANK4	T>A	1
STEAP2	M>I	13
STEAP2	F>C	3
STEAP2	R>Q	1
RASA4	A>T	2
CGAS	P>H	1
CGAS	T>N	5
ARVCF	P>L	5
ARVCF	R>Q	16
ARVCF	V>A	1
PAK6	P>L	3
PAK6	M>V	2
ACSF3	V>M	43
BBS9	D>N	2
HEATR1	R>H	1
HEATR1	N>S	8
HEATR1	L>I	1
NIPA1	A>-	6
ZC3H13	E>D	15
IGKV2D-24	G>-	1
NSFL1C	D>N	156
ADCK2	S>P	1
AIFM2	M>T	1
C6orf47	K>N	2
ITGA8	->A	2
ITGA8	I>-	2
ITGA8	V>A	15
MRPS34	L>I	16
TACSTD2	D>E	11
PLIN2	S>P	1
LRRC8C	D>G	25
LCP1	K>E	7
GAK	D>N	1
PLA2G4C	I>V	1
PLA2G4C	T>P	3
PLA2G4C	A>P	2
SREBF2	G>A	1
ALB	A>V	2
PON2	A>G	59
PPP1R9A	D>N	4
IGHV3-33	M>K	3
IGHV3-33	Y>S	3
AOC3	R>H	50
AOC3	H>Y	14
SPAG1	M>T	1
SPAG1	->D	5
ADAR	K>R	100
ACAP1	A>T	4
ALAD	K>N	3
DMKN	V>A	4
DMKN	D>A	11
DMKN	E>D	7
PLEKHA1	T>A	9
DBH	A>S	6
TBC1D12	E>Q	1
TXNDC11	V>L	20
SIRPG	S>L	1
SIRPA	D>E	1
SIRPA	V>T	21
SIRPA	D>-	21
SIRPA	L>S	1
CTSB	Y>C	1
CTSB	L>V	94
ATP2B4	V>I	1
PERM1	Q>E	1
PERM1	S>G	2
COL28A1	K>T	1
COL28A1	A>G	22
WDR33	P>A	6
MCM5	T>S	5
EXOSC7	V>L	2
PIP5K1C	E>Q	3
IGHV3-23	A>G	4
IGHV3-23	S>N	7
IGHV3-23	M>L	7
DAB2	S>N	21
WDR55	S>F	1
PWP2	D>N	4
KARS1	T>S	3
SCFD2	L>S	20
VIL1	N>K	5
VIL1	V>L	1
VIL1	L>I	18
SUSD5	F>L	1
CLIP1	S>P	10
CLIP1	D>E	2
CLIP1	I>M	1
TMEM263	D>N	10
CTU2	V>I	4
SCFD1	K>R	32
IGHV1-69D	F>L	38
IGHV1-69D	T>I	38
IGHV1-69D	A>V	9
C2orf88	T>I	1
TSTD2	A>D	1
TMCO4	G>S	1
TMCO4	R>H	4
ARHGAP25	R>S	7
P2RX7	Y>H	2
P2RX7	Q>R	3
IFIH1	H>R	4
GEMIN5	P>S	1
FNDC3A	E>Q	19
CDKN2AIP	A>-	12
PYCR3	K>N	39
ITGA7	R>H	46
KRI1	G>R	1
KRI1	E>K	2
FKBP15	L>I	31
FKBP15	A>S	3
FKBP15	A>T	1
TMPO	Q>E	13
LSP1	A>T	87
LSP1	Q>L	7
DOCK8	A>V	4
DOCK8	A>P	1
AKR1C4	L>V	7
F2	T>M	25
AKR1B10	N>D	138
NCF1	S>G	3
NCF1	E>K	1
ZPBP2	S>I	1
PRKG1	N>S	3
IRF2BPL	A>-	4
ANXA11	R>C	124
PTGFRN	S>T	59
PTGFRN	R>Q	5
DGAT1	T>N	1
PUS3	A>S	4
PUS3	E>D	5
GAS6	G>-	26
SZT2	R>Q	2
USP34	M>T	1
GOLGA1	L>V	17
MRI1	I>N	7
RIBC2	F>L	1
SPTBN2	S>G	1
SPTBN2	V>A	13
SPG7	N>D	1
SPG7	T>A	1
MAP1S	S>C	1
MAP1S	C>Y	24
PLSCR4	I>V	33
NHLRC2	V>I	26
SCLY	A>T	57
LYPLAL1	I>M	14
HYKK	D>N	1
B3GLCT	E>K	4
PPP6R2	T>M	1
PPP6R2	D>E	2
SCRN3	N>K	20
MCUR1	T>A	11
ADAP1	G>S	41
ERCC6	M>V	1
MAGEC1	S>R	3
DLG5	P>L	1
HEXD	P>R	18
HEXD	I>V	1
ALDH3A1	E>Q	24
HNRNPC	D>-	2
HNRNPC	->V	2
DGKG	T>S	1
MYO7A	S>C	1
MYO7A	L>S	1
DCHS1	T>S	2
AMY1B	W>C	2
RBMXL2	T>A	2
MUC13	R>S	24
QSOX1	G>A	4
RELA	D>N	2
NPC1	H>R	31
NPC1	R>Q	1
SNX30	I>M	2
DHX57	N>S	1
TKT	D>E	3
RNF213	D>G	7
RNF213	E>Q	6
RNF213	H>R	2
RNF213	A>T	1
RNF213	Q>K	6
PALMD	E>Q	1
PIGQ	T>A	7
SLC16A4	N>H	1
CEBPZ	V>I	56
LRRC23	V>E	1
AKR1E2	V>P	21
AKR1E2	P>R	21
GLDC	L>V	1
ZSCAN2	S>T	2
EEF1D	D>N	1
EEF1D	A>V	2
EEF1D	D>E	6
DSP	N>K	5
DSP	R>Q	6
TNR	R>K	38
CENPVL3	E>K	6
PDIA2	R>Q	9
PDIA2	T>R	39
ANK2	L>I	17
ANK2	V>A	6
TTC1	A>G	4
FAM114A2	G>S	43
AEBP1	I>L	5
AEBP1	P>T	38
C16orf89	L>S	6
MGAT1	L>P	47
CAP1	S>A	91
TRMT1L	D>N	3
SLFN13	R>L	1
C10orf71	E>K	1
AP5B1	G>V	2
AP5B1	L>F	3
MTRR	S>L	2
DDX1	E>K	4
ATP6V0A2	R>H	1
TJP2	S>F	19
TJP2	D>E	129
TJP2	Q>K	3
TJP2	M>I	5
CCDC187	L>R	3
CCDC187	R>H	1
MTDH	T>A	4
SYNE3	L>-	11
MACF1	K>R	1
MACF1	S>T	42
MACF1	K>N	2
MACF1	A>T	6
DSG2	R>K	29
VWF	Q>R	2
VWF	I>V	2
VWF	V>I	25
VWF	T>A	28
CYP11A1	P>L	1
PKHD1L1	Y>H	2
PATJ	G>S	1
PATJ	E>A	1
PATJ	G>V	1
KCNJ9	A>V	1
H6PD	R>Q	15
H6PD	P>L	4
TRAF3IP2	H>Q	1
AKAP3	G>E	1
APBA3	C>R	1
ETFA	T>I	5
BLVRA	A>T	13
GALNT2	V>M	12
ACTBL2	L>P	6
SBSN	A>G	7
TNFRSF11A	H>Y	1
BIN1	T>M	11
TEKT2	R>C	7
UBE3A	A>T	8
ALDH18A1	T>I	4
TNRC6A	N>K	9
NCAPG2	R>G	1
BHLHE23	P>S	1
MEP1A	V>L	4
MEP1A	R>Q	1
DNAH2	D>N	2
DNAH2	R>Q	1
CASR	R>G	1
GSR	R>C	1
FHIT	D>N	9
KRT20	S>N	15
CLCN2	E>D	1
GOLGA4	Q>H	2
GOLGA4	Q>K	1
GOLGA4	I>T	1
ARHGAP45	S>G	43
ARHGAP45	R>H	43
ZCCHC4	L>H	2
NT5C	D>N	6
TXLNB	A>G	1
DDC	M>V	140
NCOA7	S>A	1
NCOA7	G>R	2
NCOA7	D>E	1
FCRL5	Y>H	4
FCRL5	G>D	8
SYTL1	Q>R	1
CTSD	A>V	14
PGGHG	R>C	1
PTK2B	K>T	2
TRIM5	R>Q	5
TRIM5	G>D	3
POMT1	V>I	1
SLC4A1	E>D	3
CAST	Q>K	1
CAST	C>S	74
TSEN15	G>D	1
CERS4	A>T	50
CERS4	R>Q	1
C1orf87	K>E	1
DDX20	I>T	1
ZFR	I>T	4
IGKV3OR2-268	Q>K	1
MYOM2	V>A	9
MYOM2	V>I	20
MYOM2	V>L	26
MYOM2	I>L	7
MYOM2	T>M	1
MYOM2	V>M	1
RIF1	V>M	1
HNF4G	M>I	1
MAST2	D>E	2
PLA2G4F	M>V	3
F12	A>P	79
GPATCH2	D>N	4
RNF130	D>N	5
DOCK5	A>E	2
RAB35	V>I	2
NDUFB6	Q>E	2
LTN1	L>S	3
ECHS1	T>I	159
C3	P>L	191
SHMT1	L>F	2
CST1	P>L	6
CST1	G>A	1
CST1	G>V	1
SEC16A	R>C	4
IGKV1-27	Y>F	2
IGKV1-27	Y>S	33
IGKV1-27	T>A	20
PCM1	N>S	25
PCM1	M>V	2
PCM1	A>-	2
TTI2	E>G	5
MTA1	A>T	1
NEK7	R>G	2
LAMA1	M>V	1
LAMA1	A>T	1
TGM3	T>K	32
TGM3	S>N	2
TGM3	I>L	9
FUT8	T>K	2
PTGS1	L>M	16
FARSB	V>I	1
TYW3	M>V	1
MCM4	L>M	1
AKAP10	I>V	3
SIL1	E>K	2
MCM3	E>K	2
APLP2	D>N	2
CRTC3	S>N	2
AKR1C3	E>G	5
AKR1C3	H>Q	5
AKR1C3	C>Y	1
ITGAX	W>R	3
CCT6A	Y>C	1
WARS2	A>P	1
SNX19	S>G	1
GCAT	R>C	8
DPP6	L>P	7
DNAH5	I>L	1
DNAH5	Q>R	3
MSLN	A>V	1
UQCR10	I>V	18
TGM4	S>T	1
TGM4	E>Q	6
GLOD4	A>S	33
GLOD4	A>D	41
RNF168	D>N	2
MASP1	D>N	1
PSG7	I>V	20
HS1BP3	V>M	18
HLA-DPA1	K>R	13
HLA-DPA1	F>V	41
HLA-DPA1	Q>R	72
MCM3AP	L>R	1
SLIT3	V>A	1
ADAMTS5	L>P	1
POSTN	G>E	2
POSTN	F>S	19
POSTN	V>M	2
HMGXB4	G>V	2
ACTN4	D>E	13
ALPG	M>V	1
DHX37	R>Q	3
NAALADL2	L>S	11
NAALADL2	M>T	2
ANO1	G>R	1
FKBP4	N>K	4
CLCA1	L>F	349
KIF26B	R>Q	1
RILP	G>S	2
NCAM2	L>P	4
REG1B	V>I	1
WNT6	P>R	1
PYGB	A>S	26
PYGB	D>N	63
VCPKMT	A>D	3
GRHL2	D>N	3
SLC6A17	A>T	3
SIRT3	V>I	5
DSC1	V>I	2
NAT9	C>R	2
OTUD7A	A>-	3
CYP2A7	H>R	2
THSD4	D>N	1
PLEKHM2	I>T	6
CARS2	Q>P	5
CARS2	G>E	3
SPG11	D>E	1
CST4	Q>K	3
CST4	F>V	27
TRIP11	G>S	3
TRIP11	R>H	2
CFAP46	D>G	2
TJAP1	D>N	8
COBL	V>I	11
COBL	E>-	2
COBL	D>A	3
APEX1	Q>H	20
APEX1	D>E	488
ERMP1	R>G	2
IQSEC3	T>S	2
CFHR5	G>E	3
ZC3H3	E>D	1
ZC3H3	F>Y	1
TRIM32	L>I	15
FTCD	V>M	1
FTCD	N>K	3
FTCD	A>V	12
NEK1	A>T	2
NFU1	R>C	1
CROCC2	Q>R	5
CROCC2	G>R	23
CROCC2	L>P	2
CROCC2	I>V	15
LRWD1	P>L	1
SRRM2	P>L	1
DHRS1	T>I	1
SERPINB8	R>Q	11
SERPINB8	T>A	1
DCAF13	I>V	1
RNASEH2A	D>E	2
RNASEH2A	L>S	3
CINP	N>K	1
CRYBG2	S>P	2
GBP7	T>I	1
ABCB10	D>N	10
NUDT6	C>R	10
NUDT6	R>Q	1
SVEP1	I>V	1
SVEP1	L>V	2
LIPC	N>S	1
CRACR2A	E>K	1
TTLL12	V>M	2
TTLL12	N>S	5
TJP1	I>V	23
RBP5	E>Q	2
RBP5	M>L	19
RBP5	D>N	38
IRAK2	D>E	1
CWH43	H>N	2
SNCG	E>V	110
CUL2	L>I	6
KLF16	A>T	1
NT5C3B	S>C	10
NT5C3B	A>V	10
ERVW-1	R>Q	1
SBSPON	W>R	74
SBSPON	F>L	22
ASCC2	D>H	2
ARHGEF17	->S	2
LILRB4	E>Q	1
GPAM	I>V	5
NEBL	M>V	18
GOT2	G>S	50
GOT2	D>N	1
CEMIP2	S>N	1
CCDC170	F>S	1
MOXD1	E>Q	10
CSRP1	N>D	568
ARHGEF16	H>Y	2
SEH1L	D>N	8
SLC12A8	R>Q	6
HLA-DQA1	L>T	8
ITGAM	A>V	6
ITGAM	M>T	15
ICAM1	G>R	35
ICAM1	K>E	6
ICAM1	P>L	1
PTPN3	D>N	7
AOC1	->F	6
R3HCC1	V>M	2
R3HCC1	L>R	5
R3HCC1	R>K	2
PEBP4	K>E	2
MGA	T>S	1
HNRNPA0	K>S	1
ADAM15	K>T	3
PANK4	Q>R	12
PANK4	A>V	31
IQCE	A>V	3
CC2D1A	T>M	6
ANXA3	S>N	7
ANXA3	I>N	1
CYP2C8	K>R	20
NAT2	R>K	9
CELA3B	E>Q	13
BCHE	A>T	3
CEL	I>T	3
CEL	V>I	3
POMGNT1	M>V	1
NARS2	K>R	1
NARS2	N>T	14
ACTG1	I>V	4
PCLO	->D	7
DIDO1	T>A	35
TFRC	G>S	59
SPATA7	V>M	1
PECAM1	V>L	89
PALM3	E>D	1
PALM3	T>R	6
SLC18A1	I>T	1
GALC	D>N	14
SERPINA10	T>S	13
TCEAL5	R>Q	5
TCEAL5	R>P	6
TRMT13	A>M	9
DHCR24	D>N	1
CDK13	T>A	1
NOL9	S>A	33
KCNJ5	Q>E	1
NCAPD2	Q>E	1
TRIM22	D>N	16
SMC6	R>G	3
SMC6	A>T	6
GPATCH1	H>R	1
GPATCH1	L>S	1
ZNF638	A>V	7
USH1C	E>D	3
INTU	L>F	1
ARL15	I>L	1
VASN	R>Q	1
PUDP	T>M	16
CFAP251	V>L	2
RAB3IL1	Q>R	2
ARHGEF37	P>L	20
FIZ1	T>A	18
PEAR1	N>D	1
CWC22	R>Q	2
PRG4	T>M	2
GIPC1	T>S	27
KRT79	A>V	5
BOLA2B	N>S	2
MACROD2	T>I	11
IGLV2-23	E>D	1
IGLV2-23	G>V	3
IGLV2-23	N>K	1
NUDCD3	R>C	6
LRBA	R>C	3
PRR4	Q>R	8
PRR4	R>Q	2
PLXND1	H>R	22
PLXND1	M>V	3
PLXND1	S>N	23
DES	V>I	2
CD200R1	E>Q	3
IGLV1-51	D>E	5
THNSL2	G>E	2
JHY	I>L	1
FIG4	V>A	1
ENPP2	S>P	16
ANXA13	V>I	2
ANXA13	R>H	10
CHL1	I>V	9
IGHMBP2	I>V	1
IGHMBP2	L>S	2
PAX9	A>P	3
BCAT2	T>R	11
THUMPD1	E>D	1
VPS33B	G>S	4
CRELD2	S>A	14
NAPRT	D>N	56
SEC23B	H>Q	3
SEC23B	V>I	2
ASAH2	T>N	3
LSS	R>Q	25
LSS	H>R	3
TTC22	R>-	1
PSMD5	L>Q	1
G6PD	N>D	11
INSL3	T>A	2
JCAD	D>N	8
FN1	V>I	570
GNB1L	W>G	1
ZNF830	H>Q	33
PES1	T>S	2
KRT23	T>A	31
COBLL1	V>M	2
COBLL1	N>D	1
SLC25A33	L>I	1
RDH5	D>A	3
ARHGAP6	D>E	6
IGKV3-20	S>N	52
ZG16B	D>N	44
BCL2L13	P>S	27
BCL2L13	I>R	13
IGHV4-39	V>L	19
IGHV4-39	K>R	9
DCP1B	A>V	1
MAST4	R>P	19
GYS1	M>V	5
NCEH1	Q>R	1
CTNNA3	S>N	8
MYO1A	G>E	2
CAPN2	K>Q	141
CAPN2	S>G	4
CAPN2	D>E	244
CELA2B	D>N	4
CELA2B	Q>R	11
MRPL23	R>Q	1
APOL2	R>C	9
CPN1	G>D	2
ARHGEF40	V>L	20
ARHGEF40	L>S	4
IVL	Q>K	1
IVL	Q>E	2
IVL	E>K	10
LZTFL1	D>N	2
CLOCK	L>I	3
MIDEAS	A>T	3
CLEC18B	I>T	2
ARHGAP28	Q>P	3
H4C6	I>L	271
TOPORS	P>S	1
PPFIBP1	V>L	153
GRWD1	R>Q	4
CYP8B1	E>Q	2
HADH	L>P	26
LIMS1	V>M	6
KRT34	E>K	1
MYPN	P>T	5
MYPN	F>L	20
SYPL2	Y>F	8
SYPL2	E>G	1
FUT6	R>G	6
ELP1	I>L	1
ELP1	G>E	9
HSPA4	A>T	20
KRT13	A>G	20
KRT13	T>A	85
MRPS22	I>L	3
MTARC1	T>A	19
WNK2	D>E	1
SHROOM3	P>L	1
UFD1	P>A	9
ACOT11	G>D	4
MYH1	M>V	56
NPTX1	G>D	6
IGLV1-47	N>K	13
PPP2R5A	P>A	1
TBC1D20	N>S	1
BCS1L	D>N	2
TEKT1	D>N	1
LMOD1	T>M	41
DENND3	M>T	18
MTUS1	E>Q	3
ARHGEF28	H>N	9
ARHGEF28	R>K	2
CPZ	I>T	2
ODF3B	D>N	2
MDM1	T>I	7
MDM1	R>H	3
CCDC91	V>M	1
CCDC91	M>V	1
GGT5	K>R	8
GGT5	I>V	3
UGT2B11	P>S	1
OGFR	S>T	1
OGFR	S>R	1
OGFR	E>Q	2
PRB4	Q>H	2
EHHADH	Q>K	7
EPB41	V>I	1
EPB41	K>-	1
VARS1	P>S	1
MAPT	Q>R	1
HADHA	A>S	14
SFT2D3	R>G	12
IGHV1-58	V>M	3
EXOC4	E>K	1
CLTCL1	M>V	1
RALGAPA2	N>S	1
ZFP62	R>Q	1
CD27	H>R	3
CWF19L1	C>Y	3
CWF19L1	R>H	1
ECM2	Q>P	1
KRTAP16-1	A>G	1
NTN4	Y>H	8
DNAJB12	D>N	7
COX4I2	R>H	1
GLI4	S>A	1
CLDN23	P>S	1
ALDH7A1	K>Q	67
RGPD2	E>Q	1
POTEH	S>F	1
SGPL1	V>L	13
CD55	R>H	1
IGHV1-69	A>T	7
NPNT	Q>H	30
PARD3B	R>K	4
SYTL2	T>M	1
SYTL2	A>G	5
CEP55	T>A	1
LRIG1	Q>P	3
CLYBL	V>I	1
CLYBL	I>V	20
MAN2B2	G>R	1
MAN2B2	M>V	11
MAT1A	E>K	1
MICAL3	E>Q	4
PSMB3	M>L	47
OXA1L	->S	39
GDA	V>M	5
IBA57	G>S	32
MRPL50	L>F	2
ADPGK	S>L	1
IGHV1OR21-1	L>I	1
FECH	R>Q	32
ACTN3	E>A	1
ACTN3	C>R	33
ACTN3	Q>R	1
TBC1D4	V>A	4
PODXL	->S	1
PROB1	V>A	7
EHD4	V>I	39
CROCC	R>Q	2
FAM185A	G>A	10
SPRR1B	T>I	1
XPC	A>V	1
XPC	Q>K	18
LMBRD1	D>E	21
RFC1	Q>K	1
HGFAC	F>L	20
DNAI2	A>T	3
GALNT4	V>I	3
KIZ	H>Q	1
FASTKD1	E>Q	2
FASTKD1	M>V	2
PML	G>V	22
PML	F>L	14
ACO1	K>Q	2
DOCK9	R>W	1
SAMD9	I>T	2
UROS	D>V	1
COX10	R>Q	2
OGDH	V>I	86
KIAA0040	I>V	1
COQ6	V>M	77
SALL1	N>S	1
GPX4	I>L	1
F5	K>R	1
F5	K>E	1
RUBCN	R>Q	13
MLC1	N>S	8
GCFC2	N>S	2
GCFC2	T>A	3
BOD1L1	T>A	3
QRICH1	N>S	1
GRK5	L>I	3
PEX2	C>R	2
PSG8	I>R	2
C2orf69	D>E	5
GHDC	R>H	1
GHDC	R>C	2
FAM13A	V>I	2
MLPH	L>P	4
MLPH	V>A	12
MLPH	T>I	7
MLPH	H>R	2
REPS1	V>I	3
HYPK	S>P	14
JMJD4	D>E	2
GIMAP6	G>S	4
AHDC1	A>T	5
CALB2	A>T	9
RPH3A	R>Q	1
CHMP1A	P>L	1
ARSB	V>M	23
ARSB	S>N	1
TUBG2	M>V	4
ATP4B	A>V	6
SH2D4A	E>G	5
FILIP1L	P>L	1
TMEM176B	P>S	1
PECR	E>K	8
RAD18	R>Q	6
MX2	E>K	2
SETD6	E>Q	2
LAMC2	A>D	1
MFN1	I>L	1
GPD2	R>H	1
ATP13A1	E>K	2
CENPC	L>F	8
KDM5A	M>T	2
SLC4A4	E>Q	4
CPPED1	K>R	26
CPPED1	A>D	50
GBF1	->S	1
NUDT19	R>Q	5
NXPE4	Y>H	1
EIF2A	T>S	15
CRTC1	V>I	1
CPB1	D>N	38
MMAB	M>K	1
CTSS	R>W	7
GYS2	M>V	16
CETN3	V>L	1
UQCC3	G>S	13
IGLV3-1	S>N	7
IGLV3-1	S>T	16
CMPK1	Q>H	25
CMPK1	E>K	7
DHFR2	P>A	1
PRIM1	D>A	1
DSC3	K>Q	1
DSC3	S>T	2
DNPEP	I>V	2
NLE1	R>K	1
PLCB3	R>H	12
CEP85	A>T	2
NTAN1	S>P	2
NTAN1	H>N	2
CUL9	K>N	1
WWOX	A>T	3
F13B	R>H	114
CTAGE6	K>-	1
UNC13A	L>P	1
LGALS8	M>V	4
LGALS8	R>S	11
LGALS8	E>Q	3
FMO3	E>K	21
FMO3	V>M	9
FMO3	E>Q	7
HPGD	Q>-	1
TUSC1	N>D	4
TRAP1	D>E	39
TRAP1	R>H	4
TRAP1	R>G	118
ECI2	A>V	11
ECI2	M>I	39
DENND4C	A>V	1
DENND4C	T>A	1
ENPEP	Q>R	5
ENPEP	V>A	50
CYP20A1	S>L	92
CYP20A1	L>F	43
NEK5	A>T	1
SLU7	M>T	10
SFTPC	T>N	1
SLCO1B3	M>I	3
RESF1	S>T	1
KLHDC7A	G>S	1
KLHDC7A	P>T	1
UGT2A3	I>V	1
FBLN2	V>M	1
FBLN2	T>A	45
KRT31	A>V	1
AARS1	G>D	5
AARS1	T>I	2
AZU1	R>H	64
GBE1	I>T	1
GBE1	I>V	4
MICALL1	P>L	1
ALDH5A1	H>Y	122
MAP1A	D>N	1
MAP1A	T>A	3
DLG1	R>Q	8
ALG8	N>S	1
MYH7	S>C	5
DYSF	L>V	1
PI16	T>P	97
CHST3	R>Q	3
PGM2	E>D	15
STAB1	A>P	65
STAB1	M>V	55
GTPBP6	I>V	1
PPP1R32	E>Q	1
EFNA1	D>V	1
DTX2	T>A	8
DNTTIP2	E>D	1
EEF2K	P>A	2
HLA-DPB1	Y>H	3
HLA-DPB1	E>Q	3
HLA-DPB1	F>Y	4
ITGAE	R>Q	3
ITGAE	I>V	3
WDR37	L>I	9
PRRG3	N>S	1
ATP7B	V>A	2
CLIP2	R>P	18
TMEM70	T>A	8
LSM14A	N>S	5
WAPL	V>I	6
PLS1	I>M	1
PNPT1	I>V	51
PNPT1	N>D	2
KLHDC4	L>V	4
PRDM2	->P	1
UNC45A	N>-	1
IGHV2-26	F>S	2
SLFN5	P>L	1
DAPL1	A>T	1
DAPL1	L>P	3
GAMT	T>M	1
AMPD2	A>T	5
ADH4	I>V	368
SRP68	N>D	6
PREP	L>V	11
BDH2	N>S	23
LPO	V>M	11
MAP2K2	G>R	1
MAP2K2	K>-	7
FRK	G>R	5
ASNS	V>E	13
MMRN2	G>S	27
SENP8	T>A	15
RAD51D	R>Q	1
SART3	D>E	31
PCDHGC3	E>K	1
NPEPPS	E>Q	39
COG4	T>I	90
AVIL	K>E	3
NCF2	K>R	15
WDR17	A>T	3
B3GNTL1	A>T	1
SGCD	R>Q	18
ZFP36L2	G>S	1
TBC1D5	I>V	8
RFTN1	V>I	9
RFTN1	E>K	5
SPAG7	D>N	9
PTPRG	Y>H	13
ZFYVE16	I>T	20
TRIM9	L>F	1
ME2	G>E	4
GEMIN4	A>G	2
GEMIN4	Q>E	2
KANK1	S>A	8
KANK1	E>Q	5
GALNS	A>S	3
POLRMT	E>A	2
LENG9	D>Y	1
MTSS1	T>A	1
ELF1	T>S	2
AKAP17A	P>A	3
AHCTF1	L>V	7
CEP135	L>I	1
PRSS2	G>R	4
KRT15	E>K	1
KRT15	K>R	20
CALD1	V>M	25
ADAMDEC1	N>S	1
TRAF1	P>L	1
LRP4	I>V	1
CAPN7	A>T	6
ODR4	S>C	29
CD5	A>V	4
NRXN1	L>I	3
PSMB4	I>T	24
ZMYM5	V>I	1
COL4A2	V>I	2
PXK	K>R	3
BPIFB1	T>S	1
IGHM	G>S	289
IGHM	D>E	38
IDUA	D>N	12
TMED8	P>H	2
TNRC6B	Q>-	1
TNRC6B	V>M	1
CYP4F3	A>D	4
CFAP52	E>K	3
DDX31	I>V	3
TBCD	M>T	16
SELENBP1	E>K	3
FUCA2	H>Y	8
ACOT4	R>C	6
UBR1	Q>E	1
TMEM106B	T>S	3
PSMD2	A>T	15
MOGS	D>N	17
LRCH1	S>P	91
DNAJC11	V>M	3
ZNF22	S>G	1
DYNC1H1	P>L	4
DYNC1H1	E>K	5
GDF15	H>D	2
PPP1R21	G>V	1
MINDY1	T>K	47
CRYBG1	C>R	4
PELO	L>M	33
AP3D1	I>V	5
HIBCH	T>A	157
MT1E	G>D	20
L1TD1	T>I	1
HABP2	E>Q	5
CROT	V>L	1
PSME2	H>P	2
HBS1L	E>K	1
RABEP1	M>I	6
PTX3	E>Q	9
CLEC4M	D>N	2
POLR2E	S>F	35
TIMM44	I>V	6
CLMN	Y>C	2
C17orf58	I>V	2
C17orf58	A>V	1
SEMA4B	S>A	5
NUP133	I>V	3
FHDC1	E>Q	2
IGLJ6	S>L	1
CYP4F11	C>R	1
CYP4F11	D>N	1
DEPTOR	S>N	3
DEPTOR	N>S	39
UTP20	R>K	1
CYFIP1	D>N	71
PRAM1	K>Q	10
EXOC2	D>N	1
ATG2B	N>D	2
ASAH1	V>I	1
ASAH1	V>M	23
ASAH1	V>A	47
ASAH1	I>V	13
KLKB1	S>A	12
KLKB1	R>Q	9
GBP3	R>Q	2
AIP	Q>K	109
C3orf33	S>N	1
RRS1	D>N	1
SERPINI2	E>G	3
LTA4H	E>D	2
FGD5	D>N	11
HMGN1	A>T	1
GOLGA2	N>D	1
FBLIM1	S>F	1
IGHV3OR15-7	L>M	5
IGHV3OR15-7	E>K	1
CCN2	H>D	6
C12orf29	V>L	3
RSPH9	V>I	2
APOA4	S>N	103
UGT2B4	D>E	13
JMJD1C	E>D	2
MTHFD1	T>M	1
MTHFD1	K>R	90
MOGAT2	M>V	1
PTBP1	G>W	1
CPT1A	A>T	6
PDLIM7	A>T	21
FAM120B	A>P	4
FAM120B	C>G	2
FAM120B	M>T	3
FAM120B	Y>C	7
FAM120B	D>Y	3
UBR4	M>L	24
EPHX2	R>W	3
LEMD2	A>V	4
QPRT	A>V	22
QPRT	T>A	1
CYP4A22	F>S	5
CYP4A22	L>P	5
PZP	N>S	16
RINT1	S>C	2
PHIP	V>G	18
CCDC154	L>P	1
IGHV1-2	G>R	128
IGHV1-2	W>R	128
PGD	D>N	6
PMF1	Q>R	1
GPN2	R>G	3
PMPCB	E>D	6
COL7A1	P>L	1
BHMT	R>Q	38
ARHGEF5	Q>R	2
ARHGEF5	E>G	2
APOH	W>S	10
CLIC1	E>-	2
THNSL1	L>I	1
MYO5C	K>N	1
CRYZ	I>V	33
CARD19	G>R	4
MYO1D	E>Q	14
KRT82	G>S	1
RASAL1	R>H	6
GGA3	E>Q	9
TSHR	P>T	1
MGMT	I>V	1
GNL3	V>M	23
PPP1R13L	S>N	1
IGKV4-1	S>R	11
IGKV4-1	L>V	1
IGKV4-1	N>S	7
IGKV4-1	A>T	4
WDR41	V>I	1
MRM3	G>E	9
CFAP97	T>A	2
KPRP	C>S	11
KPRP	R>H	2
VPS11	K>R	42
VAT1L	A>V	2
ANKRD22	Q>P	1
MON2	K>Q	1
LRRK2	I>L	3
LRRK2	P>S	1
RDH13	N>K	3
DENND2B	D>E	9
PNLIPRP2	D>H	6
ANXA4	S>R	1
CHCHD6	A>S	12
GANC	L>V	31
HERPUD1	R>H	7
HPX	G>A	1
KRT77	D>N	7
KRT77	T>M	4
KDR	V>I	1
SCARF2	A>G	4
PTPRC	I>L	39
EXD2	Q>H	23
PSCA	E>K	3
NSUN5	D>N	3
EMILIN1	E>K	6
ATP5MJ	I>V	1
ATP5MJ	I>L	21
TBXAS1	Q>E	1
TRIP6	V>I	1
CCDC88B	W>R	6
CA3	V>I	151
CNPY1	->L	3
CNPY1	->A	3
TRAF3IP3	Q>E	15
KIAA2012	E>-	1
STYXL2	D>N	1
KIF16B	M>T	11
LVRN	L>F	6
TMA16	Q>P	2
ACADSB	E>K	1
GPCPD1	T>I	1
DNAH17	I>V	1
PDE6D	D>N	3
HTATIP2	S>R	77
PPP6R3	A>V	1
KLK10	L>P	3
KLK10	S>A	1
PLEKHA6	P>L	16
TMEM231	L>V	5
NIPSNAP3A	R>Q	6
RIMBP2	D>N	1
CAPZA1	D>N	2
MPC2	D>N	123
STK10	T>M	9
COL3A1	A>T	14
GBP2	P>A	15
C8B	G>R	61
PRODH2	R>Q	2
SULT1C2	S>A	2
HSCB	I>M	2
NAT10	Y>H	48
PCF11	P>T	3
MCC	K>R	2
UTP14A	V>A	4
C2CD4B	F>V	1
USE1	L>S	32
ZZEF1	I>V	9
OR52E2	G>D	1
PDE5A	A>V	50
HP1BP3	G>-	2
CENPF	N>D	2
PARP14	R>K	3
DMAC2	N>S	5
KLK3	L>I	11
NDUFS2	P>A	19
VEZT	S>A	2
BST1	R>H	2
VCAN	D>Y	57
VCAN	F>Y	5
CFAP410	Q>R	4
DUS2	E>Q	3
LDHC	I>L	1
MOCS2	T>A	1
YY1AP1	D>N	1
FAM83H	P>L	2
FAM83H	S>N	2
FAM83H	Q>H	7
SEPTIN1	G>-	1
SEPTIN1	K>-	1
ACSM5	D>N	4
ACSM5	P>R	3
S100A7A	E>D	2
TBX3	S>T	1
IGHV5-51	A>V	6
DCTN1	R>Q	1
PDHA1	M>L	1
ABCC8	A>S	1
CEP70	S>N	2
CTRL	H>R	2
SULT1A2	N>T	1
DNAAF5	V>A	1
CDC42BPG	D>N	1
KRT32	S>Y	1
ACOT2	E>G	7
ACLY	E>D	4
CCDC124	E>Q	31
PCMTD1	N>I	1
PLSCR3	V>I	1
PACSIN3	A>V	1
CFAP77	P>L	2
IGHV1-3	T>M	12
GSDMA	V>L	1
GSDMA	T>N	1
PLCG1	I>T	17
ALOX12	Q>R	1
P3H3	T>A	8
EEF1B2	G>R	17
TUBA1C	E>K	2
LGALS3	Q>H	25
KRT6B	G>R	16
TRIM33	I>T	5
TRMT5	E>Q	1
EIF5B	K>T	22
ATAD3A	R>Q	2
TCHH	K>Q	1
ALDH1A3	M>V	2
DDX60L	D>N	1
CPA3	T>M	103
SEPTIN4	E>V	2
PRAP1	H>R	10
PPIL3	D>E	1
SCRN1	S>N	6
PNPLA7	R>Q	1
NEIL2	P>T	1
HAAO	I>V	51
AGFG2	C>S	2
FMNL1	P>A	17
KIF3B	E>K	1
CPVL	A>V	74
ALCAM	T>M	9
ATP9B	E>Q	1
VWA5A	E>K	1
VWA5A	S>I	1
MYO1G	M>T	10
PTPN21	V>A	1
SLC14A1	E>K	1
SLC5A6	L>F	1
PGLYRP2	R>Q	5
ACSS3	A>S	13
LRPAP1	R>H	3
GSDME	P>T	7
SUCLG2	T>A	49
POLR1B	S>L	1
NDUFC1	E>Q	11
ESF1	I>L	1
CMC2	V>I	6
ITGA9	Q>R	1
EIF4G1	L>P	2
MTAP	V>I	51
AP3S1	A>T	8
NAAA	V>I	1
CACNA1S	R>C	3
REPIN1	R>H	2
ABCD4	E>K	6
FBXW8	R>Q	1
PCCA	I>V	12
LAMB3	N>S	1
PIBF1	I>V	4
OPA1	S>N	32
GDPGP1	M>T	4
SLC25A6	Q>R	1
CGNL1	T>A	17
CYP2B6	K>R	2
H3C14	R>-	7
DOCK1	A>T	2
MRPS27	G>D	60
COL6A5	Q>R	1
NADK	N>K	1
IGLC2	T>I	1
LILRB2	R>H	3
RGMA	A>V	1
COMT	V>M	41
MYO18B	W>R	1
GLYAT	N>S	9
VMAC	R>H	2
METTL7B	P>H	10
CRAT	L>M	37
MMP3	K>E	2
ICAM5	I>L	1
ADH1B	R>H	1
ADH1B	H>R	171
AHR	R>K	3
FARSA	E>V	1
FARSA	W>-	1
FARSA	G>-	1
FARSA	Q>V	1
FARSA	Q>K	1
ANKRD44	I>M	1
INPP5D	H>Y	2
VNN2	L>M	1
COQ7	T>M	9
CD200	P>T	7
SERPINB5	S>P	7
SERPINB5	I>V	7
GORASP2	S>F	1
GIP	S>G	3
NLRP2	R>K	2
POM121C	Q>P	1
GKN2	S>N	5
GINM1	V>I	16
DNAH11	P>S	1
IQSEC1	P>S	2
FNIP1	Q>R	1
MTRF1L	R>Q	2
ARMT1	A>T	2
THBS3	S>G	10
MMS22L	E>D	1
TRAPPC5	S>A	8
SP140L	M>T	4
ABCB1	S>N	3
MAP7	R>W	27
FARP2	V>I	2
ATRX	E>Q	10
CNDP1	D>N	4
COG3	N>S	3
EIF2B4	R>G	1
SEC14L4	V>M	3
ADAM12	G>R	3
SLCO2A1	A>T	1
CASP7	D>E	9
RYR2	Q>R	1
SEMG2	S>N	1
GPR158	I>V	2
CSMD1	E>Q	1
CLEC1B	G>D	3
ACOT9	E>Q	25
FABP6	M>I	1
NAA25	L>I	1
MRPL53	T>N	1
AQP9	T>A	1
SAMM50	I>V	8
TIMMDC1	V>I	1
THEMIS2	K>E	15
XIRP2	N>S	2
MDC1	D>N	11
GSTM3	V>I	28
EFHC1	R>W	1
SP100	M>T	4
TCOF1	->V	4
TCOF1	P>R	4
RPL10	S>N	20
TOR1A	D>H	7
EXOSC5	T>M	11
SHROOM2	L>F	1
ALDH16A1	A>T	1
ERLIN1	I>V	21
TRUB1	R>K	2
FRZB	R>W	1
CELSR1	T>A	1
ARSL	G>S	6
LCLAT1	I>V	3
PLD2	T>I	1
SKAP2	A>S	2
DENND2A	P>H	1
APOE	R>C	3
APOE	C>R	12
MAP7D1	A>S	1
HIP1R	V>M	3
STARD7	R>P	1
ERO1B	D>V	17
CYP27A1	P>L	4
CTSG	N>S	3
ICAM3	D>G	3
PGM3	D>N	15
TMED5	T>I	15
KRT84	K>R	5
KRT24	N>S	84
PFKM	R>Q	7
SAMD15	L>I	1
POR	A>V	1
ARL2	V>A	31
C6orf132	L>P	1
LRRC17	E>-	22
ENOSF1	M>T	4
UAP1L1	E>Q	2
GFM1	V>I	109
RNASEL	D>E	1
LDAH	R>Q	1
USP8	L>I	1
SPATA20	S>T	1
ABHD16A	N>D	1
MYO15B	A>T	1
GSTA3	I>L	29
COL23A1	T>A	1
RHOT2	R>C	10
ITIH1	Q>R	23
SLAIN1	R>S	3
EIF3A	R>W	1
SERPINA7	L>F	10
PLEK	K>N	1
WDR91	P>L	1
SLC25A26	S>N	1
SYNRG	T>A	1
HSD17B7	K>E	9
APOL1	E>K	1
NCAN	P>S	1
ITGA6	A>T	24
CPN2	Q>R	4
CPN2	V>M	1
ATL2	W>R	2
PPIG	N>D	4
TM9SF1	R>H	12
STX17	I>T	3
RABEPK	H>Y	1
ABCG8	T>K	1
FOXJ3	V>A	8
KCNJ11	K>E	1
FAM186A	H>Q	1
UQCRC2	R>H	6
NANS	E>D	15
CDC42BPA	V>I	18
MOCOS	H>R	1
CCDC69	L>P	1
DNAI4	V>M	1
C18orf21	T>A	1
MAGEA10	R>K	5
ADAMTSL3	L>F	1
PRPH	A>T	1
SLC16A7	T>S	2
AGMAT	G>R	12
AGMAT	R>Q	8
GYG2	H>R	11
CEP57	Q>H	1
TEFM	I>L	1
DHRS4	P>S	1
MYCT1	G>S	9
SLCO1B1	P>T	1
SIGLEC9	A>E	2
RABGGTA	T>A	7
BPI	E>K	1
TSFM	V>I	1
MYOZ3	S>P	1
ENGASE	S>N	3
PTPRJ	E>D	11
PTGR1	A>S	51
PIP4K2A	N>S	30
CHD1L	I>M	5
LIMCH1	M>T	3
LIMCH1	Q>-	3
NOLC1	S>P	2
IMMT	P>S	10
SFTPA1	R>W	2
CCT5	E>V	4
PMP2	I>T	1
POM121	S>N	1
IKBIP	G>S	1
DDT	D>N	4
LMAN1	M>L	15
MYBPC2	R>H	15
HOMER3	S>R	5
EIF2B5	I>V	1
PIK3AP1	K>-	1
PPFIA1	V>I	4
ATP5PO	K>R	28
GPSM1	L>I	1
LYRM4	S>A	2
KLK13	G>A	1
GATM	Q>H	15
PRPF4B	I>V	3
SPRR1A	V>I	1
TCIRG1	R>W	1
P3H1	M>I	2
IGKJ4	L>V	1
DCTN2	P>A	1
ATP10B	N>K	2
SERPINA5	K>E	5
COL10A1	M>T	3
ADAM28	V>M	1
