seq	modifications	usi
AAEPQGEPGGGGGGGGGGRGGSSVWLEPR		mzspec:PXD010154:01698_B02_P018021_S00_N10_R1:scan:29312:AAEPQGEPGGGGGGGGGGRGGSSVWLEPR/3
AALVDQSGVLLAFADQPIKK		mzspec:PXD010154:01277_G01_P013129_S00_N07_R1:scan:39298:AALVDQSGVLLAFADQPIKK/2
AALVDQSGVLLAFADQPIKK	6|Deamidated	mzspec:PXD010154:01321_G11_P013127_S00_N07_R1:scan:38838:AALVDQ[Deamidated]SGVLLAFADQPIKK/2
AAPQNGGSSEPPAAPR		mzspec:PXD010154:01343_E01_P013674_S00_N05_R2:scan:7688:AAPQNGGSSEPPAAPR/2
AAPQNGGSSEPPAAPR	4|Deamidated	mzspec:PXD010154:01276_E01_P013128_S00_N05_R1:scan:6453:AAPQ[Deamidated]NGGSSEPPAAPR/2
AASPAGALKPGR		mzspec:PXD010154:01270_A01_P013114_S00_N01_R2:scan:6492:AASPAGALKPGR/3
ADSGVHLCVIDDSNEHMLTVWDWQR	8|Carbamidomethyl|14|Deamidated|17|Oxidation	mzspec:PXD010154:01226_H04_P012502_S00_N32_R1:scan:31389:ADSGVHLC[Carbamidomethyl]VIDDSN[Deamidated]EHM[Oxidation]LTVWDWQR/4
AEEAPEQSASVEVPSSNVQQHQK		mzspec:PXD010154:01279_G02_P013163_B00_N15_R1:scan:12154:AEEAPEQSASVEVPSSNVQQHQK/3
AEGAQNQDKKAEGAQNQGR		mzspec:PXD010154:01697_F01_P018020_S00_N06_R2:scan:4816:AEGAQNQDKKAEGAQNQGR/4
AEGAQNQDKKAEGAQNQGR	6|Deamidated	mzspec:PXD010154:01093_D02_P010748_S00_N12_R1:scan:1365:AEGAQN[Deamidated]QDKKAEGAQNQGR/4
AEGAQNQDKKAEGAQNQGR	6|Deamidated	mzspec:PXD010154:01093_D02_P010748_S00_N12_R1:scan:1365:AEGAQN[Deamidated]QDKKAEGAQNQGR/4
AELSRSDLSLIQQQQQQQQQQQQQQQK		mzspec:PXD010154:01697_E01_P018020_S00_N05_R2:scan:30475:AELSRSDLSLIQQQQQQQQQQQQQQQK/3
AELSRSDLSLIQQQQQQQQQQQQQQQQK		mzspec:PXD010154:01698_F01_P018021_S00_N06_R1:scan:30326:AELSRSDLSLIQQQQQQQQQQQQQQQQK/3
AELSRSDLSLIQQQQQQQQQQQQQQQQK	12|Deamidated|13|Deamidated	mzspec:PXD010154:01698_F01_P018021_S00_N06_R1:scan:30306:AELSRSDLSLIQ[Deamidated]Q[Deamidated]QQQQQQQQQQQQQQK/3
AEQQQQQQQQQQQQQHQHQQQQQQQQQQQQQHLSR	6|Deamidated|11|Deamidated	mzspec:PXD010154:01279_E01_P013163_B00_N05_R1:scan:2708:AEQQQQ[Deamidated]QQQQQ[Deamidated]QQQQHQHQQQQQQQQQQQQQHLSR/4
AEQQQQQQQQQQQQQHQHQQQQQQQQQQQQQHLSR	7|Deamidated|10|Deamidated	mzspec:PXD010154:01346_E01_P013677_S00_N05_R1:scan:2649:AEQQQQQ[Deamidated]QQQ[Deamidated]QQQQQHQHQQQQQQQQQQQQQHLSR/5
AEQQQQQQQQQQQQQHQHQQQQQQQQQQQQQHLSR	8|Deamidated|11|Deamidated	mzspec:PXD010154:01279_E01_P013163_B00_N05_R1:scan:2681:AEQQQQQQ[Deamidated]QQQ[Deamidated]QQQQHQHQQQQQQQQQQQQQHLSR/5
AEQQQQQQQQQQQQQQHQHQQQQQQQQQQQQQQQHLSR	31|Deamidated	mzspec:PXD010154:01343_D01_P013674_S00_N04_R2:scan:3299:AEQQQQQQQQQQQQQQHQHQQQQQQQQQQQQ[Deamidated]QQQHLSR/4
AEQQQQQQQQQQQQQQHQHQQQQQQQQQQQQQQQHLSR	7|Deamidated|30|Deamidated	mzspec:PXD010154:01343_E01_P013674_S00_N05_R2:scan:3486:AEQQQQQ[Deamidated]QQQQQQQQQHQHQQQQQQQQQQQ[Deamidated]QQQQHLSR/5
AETEKPANQKEPTTCHTTVK	15|Carbamidomethyl	mzspec:PXD010154:01277_F01_P013129_S00_N06_R1:scan:2863:AETEKPANQKEPTTC[Carbamidomethyl]HTTVK/4
AFITHGGTNGIYEAIYHGVPMVGIPIFADQPDNIAHMK	9|Deamidated|30|Deamidated|37|Oxidation	mzspec:PXD010154:01321_C03_P013560_B00_N19_R1:scan:45566:AFITHGGTN[Deamidated]GIYEAIYHGVPMVGIPIFADQ[Deamidated]PDNIAHM[Oxidation]K/5
AFLADPSAFVAAATTAAPAAAAAPAKVEAK		mzspec:PXD010154:01308_E01_P013387_B00_N05_R1:scan:44349:AFLADPSAFVAAATTAAPAAAAAPAKVEAK/3
AGHFDKEIVPVLVSTRR		mzspec:PXD010154:01086_C01_P010738_S00_N03_R1:scan:18034:AGHFDKEIVPVLVSTRR/4
AGPDAVTHDNEWEMLSPQPVQK		mzspec:PXD010154:01350_C03_P013681_S00_N19_R1:scan:27862:AGPDAVTHDNEWEMLSPQPVQK/3
AGPDAVTHDNEWEMLSPQPVQK	10|Deamidated|14|Oxidation	mzspec:PXD010154:01283_B03_P013187_S00_N18_R1:scan:24680:AGPDAVTHDN[Deamidated]EWEM[Oxidation]LSPQPVQK/3
AGPDAVTHDNEWEMLSPQPVQK	14|Oxidation	mzspec:PXD010154:01350_B03_P013681_S00_N18_R1:scan:25245:AGPDAVTHDNEWEM[Oxidation]LSPQPVQK/3
AGPDAVTHDSEWEMLSPQPVQK		mzspec:PXD010154:01307_D03_P013386_S00_N20_R1:scan:28141:AGPDAVTHDSEWEMLSPQPVQK/3
AGPDAVTHDSEWEMLSPQPVQK	18|Deamidated	mzspec:PXD010154:01295_D03_P013198_S00_N20_R1:scan:27575:AGPDAVTHDSEWEMLSPQ[Deamidated]PVQK/3
AHSQIDRVDLGTLR		mzspec:PXD010154:01093_H01_P010748_S00_N08_R1:scan:17659:AHSQIDRVDLGTLR/3
ALEQQASTPPPPLLPGSSAEPPPPPPPPPLPSVGAK		mzspec:PXD010154:01093_A02_P010748_S00_N09_R1:scan:42633:ALEQQASTPPPPLLPGSSAEPPPPPPPPPLPSVGAK/3
ALEQQASTPPPPLLPGSSAEPPPPPPPPPLPSVGAK	4|Deamidated	mzspec:PXD010154:01093_A02_P010748_S00_N09_R1:scan:42652:ALEQ[Deamidated]QASTPPPPLLPGSSAEPPPPPPPPPLPSVGAK/3
ALEQQASTPPPPLLPGSSAEPPPPPPPPPLPSVGAK	4|Deamidated|5|Deamidated	mzspec:PXD010154:01270_H01_P013114_S00_N08_R1:scan:37351:ALEQ[Deamidated]Q[Deamidated]ASTPPPPLLPGSSAEPPPPPPPPPLPSVGAK/3
ALEQQASTPPPPLLPGSSAEPPPPPPPPPLPSVGAK	5|Deamidated	mzspec:PXD010154:01283_H01_P013187_S00_N08_R1:scan:36827:ALEQQ[Deamidated]ASTPPPPLLPGSSAEPPPPPPPPPLPSVGAK/3
ALEQQASTPPPPPPLLPGSSAEPPPPPPPPPLPSVGAK	4|Deamidated	mzspec:PXD010154:01350_H01_P013681_S00_N08_R1:scan:41638:ALEQ[Deamidated]QASTPPPPPPLLPGSSAEPPPPPPPPPLPSVGAK/3
ALEQQASTPPPPPPLLPGSSAEPPPPPPPPPLPSVGAK	4|Deamidated|5|Deamidated	mzspec:PXD010154:01276_G01_P013128_S00_N07_R1:scan:40317:ALEQ[Deamidated]Q[Deamidated]ASTPPPPPPLLPGSSAEPPPPPPPPPLPSVGAK/3
ALMDEIEHDITK		mzspec:PXD010154:01347_E03_P013678_S00_N21_R2:scan:35255:ALMDEIEHDITK/3
ALREAPLGLR		mzspec:PXD010154:01306_D01_P013385_S00_N04_R1:scan:15725:ALREAPLGLR/3
ANGGTTDYAAPVK		mzspec:PXD010154:01321_D02_P013560_B00_N12_R1:scan:11087:ANGGTTDYAAPVK/2
ANGGTTDYAAPVK	2|Deamidated	mzspec:PXD010154:01277_H01_P013129_S00_N08_R1:scan:11013:AN[Deamidated]GGTTDYAAPVK/2
APLPEFGAVSLKPPQPQFTDLPK		mzspec:PXD010154:01320_F01_P013559_S00_N06_R1:scan:44656:APLPEFGAVSLKPPQPQFTDLPK/3
AQTDREDLRTLLR		mzspec:PXD010154:01698_G01_P018021_S00_N07_R1:scan:32135:AQTDREDLRTLLR/4
ASGYTFTNNGITWVR		mzspec:PXD010154:01499_C01_P015159_S00_N03_R1:scan:19341:ASGYTFTNNGITWVR/2
ASGYTYTDYYMHWVR		mzspec:PXD010154:01524_G04_P015424_S00_N31_R1:scan:32327:ASGYTYTDYYMHWVR/3
ASGYTYTDYYMHWVR	11|Oxidation	mzspec:PXD010154:01279_G03_P013163_B00_N23_R1:scan:30295:ASGYTYTDYYM[Oxidation]HWVR/3
ASHQWMNTQGGHLALGVYQHVTGEMMGGHAIR	6|Oxidation	mzspec:PXD010154:01306_B02_P013385_S00_N10_R1:scan:28007:ASHQWM[Oxidation]NTQGGHLALGVYQHVTGEMMGGHAIR/3
ASQSISGYLNWYQQRPGK		mzspec:PXD010154:01226_A01_P012502_S00_N01_R1:scan:19733:ASQSISGYLNWYQQRPGK/3
ASQSISGYLNWYQQRPGKAPK	3|Deamidated|10|Deamidated|13|Deamidated	mzspec:PXD010154:01349_B01_P013680_S00_N02_R1:scan:15867:ASQ[Deamidated]SISGYLN[Deamidated]WYQ[Deamidated]QRPGKAPK/3
ASQSVSGYLAWYQQRPGQAPR		mzspec:PXD010154:01279_A01_P013163_B00_N01_R1:scan:18576:ASQSVSGYLAWYQQRPGQAPR/3
ASSGDIGSLDYQEFVVDIESR		mzspec:PXD010154:01524_H03_P015424_S00_N24_R1:scan:43685:ASSGDIGSLDYQEFVVDIESR/2
ASSGDIGSLDYQEFVVDIESR	12|Deamidated	mzspec:PXD010154:01500_A04_P015160_S00_N25_R2:scan:42138:ASSGDIGSLDYQ[Deamidated]EFVVDIESR/2
ATQAALSLLEALDTILPPTRPTDKPLR		mzspec:PXD010154:01296_B02_P013201_S00_N10_R1:scan:49380:ATQAALSLLEALDTILPPTRPTDKPLR/3
AVTELGRPDAEYWNSQKDILEDER		mzspec:PXD010154:01323_A04_P013562_S00_N25_R1:scan:25595:AVTELGRPDAEYWNSQKDILEDER/3
AVTELGRPDAEYWNSQKDILEDER	14|Deamidated	mzspec:PXD010154:01323_A04_P013562_S00_N25_R1:scan:25616:AVTELGRPDAEYWN[Deamidated]SQKDILEDER/3
CHLGPGEQAGPGLHR	1|Carbamidomethyl	mzspec:PXD010154:01347_D01_P013678_S00_N04_R2:scan:8679:C[Carbamidomethyl]HLGPGEQAGPGLHR/3
CHLGPGHQAGPGLHRPPSPR	1|Carbamidomethyl	mzspec:PXD010154:01347_D01_P013678_S00_N04_R2:scan:6823:C[Carbamidomethyl]HLGPGHQAGPGLHRPPSPR/5
CHLGPGHQAGPGLHRPPSPR	1|Carbamidomethyl|8|Deamidated	mzspec:PXD010154:01276_D01_P013128_S00_N04_R1:scan:7878:C[Carbamidomethyl]HLGPGHQ[Deamidated]AGPGLHRPPSPR/4
CIYNQEESVR	1|Carbamidomethyl	mzspec:PXD010154:01524_F02_P015424_S00_N14_R1:scan:12807:C[Carbamidomethyl]IYNQEESVR/2
CIYNQEESVRFDSDVGEYR	1|Carbamidomethyl	mzspec:PXD010154:01524_H03_P015424_S00_N24_R1:scan:23840:C[Carbamidomethyl]IYNQEESVRFDSDVGEYR/3
CIYNQEESVRFDSDVGEYR	1|Carbamidomethyl|4|Deamidated	mzspec:PXD010154:01524_H03_P015424_S00_N24_R1:scan:24174:C[Carbamidomethyl]IYN[Deamidated]QEESVRFDSDVGEYR/3
CKYVSLIYTNYEVGKDDYVK	1|Carbamidomethyl	mzspec:PXD010154:01697_F03_P018020_S00_N22_R2:scan:37370:C[Carbamidomethyl]KYVSLIYTNYEVGKDDYVK/3
CPAAPPPPAGGAANNHGAGSGAGGR	1|Carbamidomethyl	mzspec:PXD010154:01075_A01_P010693_S00_N01_R1:scan:4710:C[Carbamidomethyl]PAAPPPPAGGAANNHGAGSGAGGR/3
CPAAPPPPAGGAANNHGAGSGAGGR	1|Carbamidomethyl|14|Deamidated|15|Deamidated	mzspec:PXD010154:01500_E01_P015160_S00_N05_R1:scan:7727:C[Carbamidomethyl]PAAPPPPAGGAAN[Deamidated]N[Deamidated]HGAGSGAGGR/3
CPAAPPPPAGGAANNHGAGSGAGGR	1|Carbamidomethyl|15|Deamidated	mzspec:PXD010154:01321_E11_P013127_S00_N05_R1:scan:7444:C[Carbamidomethyl]PAAPPPPAGGAANN[Deamidated]HGAGSGAGGR/3
CPGKPAQASPSSSSSSSAPELLGGPSVFLFPPKPK	1|Carbamidomethyl|7|Deamidated	mzspec:PXD010154:01321_A01_P013560_B00_N01_R1:scan:20578:C[Carbamidomethyl]PGKPAQ[Deamidated]ASPSSSSSSSAPELLGGPSVFLFPPKPK/4
DDMLCAGNSQR	3|Oxidation|5|Carbamidomethyl	mzspec:PXD010154:01294_C02_P013197_S00_N11_R1:scan:11020:DDM[Oxidation]LC[Carbamidomethyl]AGNSQR/2
DDMLCAGNSQR	5|Carbamidomethyl	mzspec:PXD010154:01279_G01_P013163_B00_N07_R1:scan:10116:DDMLC[Carbamidomethyl]AGNSQR/2
DHRPQMVWDSQVSEHFFEYK		mzspec:PXD010154:01499_A04_P015159_S00_N25_R1:scan:30980:DHRPQMVWDSQVSEHFFEYK/4
DHRPQMVWDSQVSEHFFEYK	11|Deamidated	mzspec:PXD010154:01226_B04_P012502_S00_N26_R1:scan:29746:DHRPQMVWDSQ[Deamidated]VSEHFFEYK/4
DHRPQMVWDSQVSEHFFEYKK		mzspec:PXD010154:01226_C03_P012502_S00_N19_R1:scan:29801:DHRPQMVWDSQVSEHFFEYKK/4
DKNFNLPQLCIWK	10|Carbamidomethyl	mzspec:PXD010154:01284_D01_P013188_B00_N04_R1:scan:42998:DKNFNLPQLC[Carbamidomethyl]IWK/2
DNSQNTVFLQMNSLR	2|Deamidated|4|Deamidated|5|Deamidated	mzspec:PXD010154:01344_G01_P013675_S00_N07_R1:scan:34862:DN[Deamidated]SQ[Deamidated]N[Deamidated]TVFLQMNSLR/2
DPLSAVNAGNRLVRSHTSMYIEK	7|Deamidated|10|Deamidated|19|Oxidation	mzspec:PXD010154:01698_C02_P018021_S00_N11_R1:scan:36718:DPLSAVN[Deamidated]AGN[Deamidated]RLVRSHTSM[Oxidation]YIEK/5
DPQVGHPAAQMEPEPAEPLAAAVEAANGAEQTR		mzspec:PXD010154:01283_B03_P013187_S00_N18_R1:scan:37232:DPQVGHPAAQMEPEPAEPLAAAVEAANGAEQTR/3
DRDGGMHSDPVSLNVLYGPDLPSIYPSFTYYR	6|Oxidation	mzspec:PXD010154:01349_D04_P013680_S00_N28_R1:scan:47579:DRDGGM[Oxidation]HSDPVSLNVLYGPDLPSIYPSFTYYR/3
DVSQSSLDGASNNPHGLQEAQSTSTSATAASHTR	12|Deamidated	mzspec:PXD010154:01280_C02_P013164_S00_N11_R1:scan:12254:DVSQSSLDGASN[Deamidated]NPHGLQEAQSTSTSATAASHTR/4
EAGPGPGPLNVGLHLNPLESIQLELDSVNAEADR	16|Deamidated	mzspec:PXD010154:01280_F03_P013164_S00_N22_R1:scan:54488:EAGPGPGPLNVGLHLN[Deamidated]PLESIQLELDSVNAEADR/3
EAYFEKQQQKQQQQQQQQQQQQQQQQQQQQQQQR	7|Deamidated|20|Deamidated|26|Deamidated	mzspec:PXD010154:01698_C01_P018021_S00_N03_R1:scan:11657:EAYFEKQ[Deamidated]QQKQQQQQQQQQQ[Deamidated]QQQQQQ[Deamidated]QQQQQQQR/4
EEEEDDDDDDDDVSTEYGHQAHR		mzspec:PXD010154:01296_A05_P013201_S00_N32_R1:scan:5406:EEEEDDDDDDDDVSTEYGHQAHR/4
EEERAPESSANQTVNK		mzspec:PXD010154:01279_E02_P013163_B00_N13_R1:scan:3565:EEERAPESSANQTVNK/3
EEQEVAMLGAPHNPAPPTSTVIHIR	3|Deamidated	mzspec:PXD010154:01320_E02_P013559_S00_N13_R1:scan:26755:EEQ[Deamidated]EVAMLGAPHNPAPPTSTVIHIR/3
EEQEVAMLGAPHNPAPPTSTVIHIR	3|Deamidated|13|Deamidated|7|Oxidation	mzspec:PXD010154:01320_E02_P013559_S00_N13_R1:scan:24025:EEQ[Deamidated]EVAM[Oxidation]LGAPHN[Deamidated]PAPPTSTVIHIR/3
EEQEVAMLGAPHNPAPPTSTVIHIR	3|Deamidated|7|Oxidation	mzspec:PXD010154:01320_E02_P013559_S00_N13_R1:scan:24004:EEQ[Deamidated]EVAM[Oxidation]LGAPHNPAPPTSTVIHIR/3
EEQEVAMLGAPHNPAPPTSTVIHIR	7|Oxidation	mzspec:PXD010154:01320_D02_P013559_S00_N12_R1:scan:23772:EEQEVAM[Oxidation]LGAPHNPAPPTSTVIHIR/3
EFGLSVFLVAILKGVQCEVQLEESGGGLVQPGGSLR	0|Acetyl|16|Deamidated|20|Deamidated|17|Carbamidomethyl	mzspec:PXD010154:01295_C02_P013198_S00_N11_R1:scan:36693:[Acetyl]-EFGLSVFLVAILKGVQ[Deamidated]C[Carbamidomethyl]EVQ[Deamidated]LEESGGGLVQPGGSLR/4
EIGHNNPSAMAVESFTATAPFVQIGR		mzspec:PXD010154:01276_B02_P013128_S00_N09_R1:scan:44943:EIGHNNPSAMAVESFTATAPFVQIGR/3
EIGHNNPSAMAVESFTATAPFVQIGR	10|Oxidation	mzspec:PXD010154:01524_A01_P015424_S00_N01_R1:scan:26313:EIGHNNPSAM[Oxidation]AVESFTATAPFVQIGR/3
EIGHNNPSAMAVESFTATAPFVQIGR	5|Deamidated|10|Oxidation	mzspec:PXD010154:01270_A02_P013114_S00_N09_R1:scan:35575:EIGHN[Deamidated]NPSAM[Oxidation]AVESFTATAPFVQIGR/3
EIGHNNPSAMAVESFTATAPFVQIGR	5|Deamidated|6|Deamidated	mzspec:PXD010154:01500_B02_P015160_S00_N10_R1:scan:42410:EIGHN[Deamidated]N[Deamidated]PSAMAVESFTATAPFVQIGR/3
EIGHNNPSAMAVESFTATAPFVQIGR	5|Deamidated|6|Deamidated|10|Oxidation	mzspec:PXD010154:01077_D02_P010695_S00_N12_R1:scan:41903:EIGHN[Deamidated]N[Deamidated]PSAM[Oxidation]AVESFTATAPFVQIGR/3
EIGHNNPSAMAVESFTATAPFVQIGR	6|Deamidated	mzspec:PXD010154:01295_B02_P013198_S00_N10_R1:scan:43430:EIGHNN[Deamidated]PSAMAVESFTATAPFVQIGR/3
EIGHNNPSAMAVESFTATAPFVQIGR	6|Deamidated|10|Oxidation	mzspec:PXD010154:01294_B02_P013197_S00_N10_R1:scan:39119:EIGHNN[Deamidated]PSAM[Oxidation]AVESFTATAPFVQIGR/3
ELLVPQHTVQLVGGLFPLSSPSDTK		mzspec:PXD010154:01307_B02_P013386_S00_N10_R1:scan:50397:ELLVPQHTVQLVGGLFPLSSPSDTK/3
ESAVFDAVMVCSGHHVYPNLPKK	11|Carbamidomethyl	mzspec:PXD010154:01093_E02_P010748_S00_N13_R1:scan:27707:ESAVFDAVMVC[Carbamidomethyl]SGHHVYPNLPKK/3
ESGPALVKPTQTLTLTCTFSGFSLNTSAMR	11|Deamidated|17|Carbamidomethyl	mzspec:PXD010154:01499_B01_P015159_S00_N02_R1:scan:27714:ESGPALVKPTQ[Deamidated]TLTLTC[Carbamidomethyl]TFSGFSLNTSAMR/3
FAVTNQIGPVKEDSDPTLVNPCYDGSHMCDTTAR	22|Carbamidomethyl|29|Carbamidomethyl|28|Oxidation	mzspec:PXD010154:01295_A03_P013198_S00_N17_R1:scan:23903:FAVTNQIGPVKEDSDPTLVNPC[Carbamidomethyl]YDGSHM[Oxidation]C[Carbamidomethyl]DTTAR/4
FDSDAASPRTEPRAPWIEQEGPEYWDGETR		mzspec:PXD010154:01343_B05_P013674_S00_N34_R2:scan:28405:FDSDAASPRTEPRAPWIEQEGPEYWDGETR/3
FGSGAAGGSGSSNSSGDALVTR		mzspec:PXD010154:01501_F01_P015161_S00_N06_R1:scan:15038:FGSGAAGGSGSSNSSGDALVTR/2
FLDKLPQQTADR		mzspec:PXD010154:01346_H01_P013677_S00_N08_R1:scan:14453:FLDKLPQQTADR/3
FLRGHNQYAYDGKDYIALNEDLSSWTAADTAAQITQR		mzspec:PXD010154:01698_C04_P018021_S00_N27_R1:scan:43789:FLRGHNQYAYDGKDYIALNEDLSSWTAADTAAQITQR/5
GAPAGAGSGTQTGTGTGAR		mzspec:PXD010154:01343_A01_P013674_S00_N01_R2:scan:3556:GAPAGAGSGTQTGTGTGAR/2
GAPAQRPPSESPGAPPPGPADAGGAMAAK		mzspec:PXD010154:01308_D01_P013387_B00_N04_R1:scan:15199:GAPAQRPPSESPGAPPPGPADAGGAMAAK/3
GAPAQRPPSESPGAPPPGPADAGGAMAAK	26|Oxidation	mzspec:PXD010154:01308_D01_P013387_B00_N04_R1:scan:11185:GAPAQRPPSESPGAPPPGPADAGGAM[Oxidation]AAK/3
GAPAQRPPSESPGAPPPGPADAGGAMAAK	5|Deamidated	mzspec:PXD010154:01279_E01_P013163_B00_N05_R1:scan:15845:GAPAQ[Deamidated]RPPSESPGAPPPGPADAGGAMAAK/3
GAPAQRPPSESPGAPPPGPADAGGAMAAK	5|Deamidated|26|Oxidation	mzspec:PXD010154:01501_D01_P015161_S00_N04_R1:scan:10766:GAPAQ[Deamidated]RPPSESPGAPPPGPADAGGAM[Oxidation]AAK/3
GDCSVRDPEDTAMPGR	3|Carbamidomethyl|13|Oxidation	mzspec:PXD010154:01284_E02_P013188_B00_N13_R1:scan:7424:GDC[Carbamidomethyl]SVRDPEDTAM[Oxidation]PGR/3
GFPCSLEHAFSSSPDPVSYIPR	4|Carbamidomethyl	mzspec:PXD010154:01321_E02_P013560_B00_N13_R1:scan:40473:GFPC[Carbamidomethyl]SLEHAFSSSPDPVSYIPR/3
GFYPSDIAMEWESSGQPENNYK		mzspec:PXD010154:01295_A08_P013197_S00_N20_R1:scan:31483:GFYPSDIAMEWESSGQPENNYK/2
GFYPSDIAMEWESSGQPENNYK	16|Deamidated	mzspec:PXD010154:01349_A04_P013680_S00_N25_R1:scan:34759:GFYPSDIAMEWESSGQ[Deamidated]PENNYK/2
GFYPSDIAMEWESSGQPENNYK	9|Oxidation	mzspec:PXD010154:01295_C08_P013197_S00_N22_R1:scan:29590:GFYPSDIAM[Oxidation]EWESSGQPENNYK/2
GFYPSDIAMEWESSGQPENNYK	9|Oxidation|16|Deamidated	mzspec:PXD010154:01276_E04_P013128_S00_N28_R1:scan:32958:GFYPSDIAM[Oxidation]EWESSGQ[Deamidated]PENNYK/4
GFYPSDIAMEWESSGQPENNYK	9|Oxidation|20|Deamidated	mzspec:PXD010154:01320_H04_P013559_S00_N32_R1:scan:36961:GFYPSDIAM[Oxidation]EWESSGQPENN[Deamidated]YK/3
GFYPSDIAMEWESSGQPENNYKTTPPVLDSDGSFFLYSK	16|Deamidated|19|Deamidated	mzspec:PXD010154:01499_G04_P015159_S00_N31_R1:scan:44631:GFYPSDIAMEWESSGQ[Deamidated]PEN[Deamidated]NYKTTPPVLDSDGSFFLYSK/4
GFYPSDIAMEWESSGQPENNYKTTPPVLDSDGSFFLYSK	16|Deamidated|20|Deamidated	mzspec:PXD010154:01280_G04_P013164_S00_N31_R1:scan:45092:GFYPSDIAMEWESSGQ[Deamidated]PENN[Deamidated]YKTTPPVLDSDGSFFLYSK/4
GFYPSDIAMEWESSGQPENNYKTTPPVLDSDGSFFLYSK	19|Deamidated	mzspec:PXD010154:01697_G04_P018020_S00_N31_R1:scan:54999:GFYPSDIAMEWESSGQPEN[Deamidated]NYKTTPPVLDSDGSFFLYSK/4
GGLSSPIYIDLR		mzspec:PXD010154:01344_A02_P013675_S00_N09_R1:scan:34277:GGLSSPIYIDLR/2
GGPPPAAAAQAQVQGASFR		mzspec:PXD010154:01088_A03_P010740_S00_N17_R1:scan:19127:GGPPPAAAAQAQVQGASFR/2
GGSGGFTAPVGGPDGTVPMPMPMPMPSANTPFSYPLPK		mzspec:PXD010154:01277_G01_P013129_S00_N07_R1:scan:49853:GGSGGFTAPVGGPDGTVPMPMPMPMPSANTPFSYPLPK/3
GGSGGFTAPVGGPDGTVPMPMPMPMPSANTPFSYPLPK	19|Oxidation|29|Deamidated	mzspec:PXD010154:01283_H01_P013187_S00_N08_R1:scan:49712:GGSGGFTAPVGGPDGTVPM[Oxidation]PMPMPMPSAN[Deamidated]TPFSYPLPK/3
GHAEQGDPGAPEQTGPQR		mzspec:PXD010154:01284_E02_P013188_B00_N13_R1:scan:3880:GHAEQGDPGAPEQTGPQR/3
GHNQFAYDGKDYIALNEDLSSWTAADTAAQITQR		mzspec:PXD010154:01320_B04_P013559_S00_N26_R1:scan:35663:GHNQFAYDGKDYIALNEDLSSWTAADTAAQITQR/3
GHNQFAYDGKDYIALNEDLSSWTAADTAAQITQR	30|Deamidated	mzspec:PXD010154:01350_G04_P013681_S00_N31_R1:scan:40802:GHNQFAYDGKDYIALNEDLSSWTAADTAAQ[Deamidated]ITQR/3
GHNQFAYDGKDYIALNEDLSSWTAADTAAQITQR	3|Deamidated|16|Deamidated	mzspec:PXD010154:01275_H03_P013127_S00_N24_R1:scan:32679:GHN[Deamidated]QFAYDGKDYIALN[Deamidated]EDLSSWTAADTAAQITQR/4
GHNQFAYDGKDYIALNEDLSSWTAADTAAQITQR	3|Deamidated|4|Deamidated	mzspec:PXD010154:01320_F04_P013559_S00_N30_R1:scan:38398:GHN[Deamidated]Q[Deamidated]FAYDGKDYIALNEDLSSWTAADTAAQITQR/3
GHNQFAYDGKDYIALNEDLSSWTAADTAAQITQR	4|Deamidated|16|Deamidated	mzspec:PXD010154:01275_A04_P013127_S00_N25_R1:scan:31563:GHNQ[Deamidated]FAYDGKDYIALN[Deamidated]EDLSSWTAADTAAQITQR/4
GHNQLAYDGKDYIALNEDLSSWTAADTAAQITQR		mzspec:PXD010154:01275_F03_P013127_S00_N22_R1:scan:33831:GHNQLAYDGKDYIALNEDLSSWTAADTAAQITQR/4
GHNQLAYDGKDYIALNEDLSSWTAADTAAQITQR	16|Deamidated	mzspec:PXD010154:01275_G03_P013127_S00_N23_R1:scan:32993:GHNQLAYDGKDYIALN[Deamidated]EDLSSWTAADTAAQITQR/4
GHNQLAYDGKDYIALNEDLSSWTAADTAAQITQR	3|Deamidated|16|Deamidated	mzspec:PXD010154:01320_F04_P013559_S00_N30_R1:scan:39970:GHN[Deamidated]QLAYDGKDYIALN[Deamidated]EDLSSWTAADTAAQITQR/3
GHNQLAYDGKDYIALNEDLSSWTAADTAAQITQR	3|Deamidated|4|Deamidated|16|Deamidated	mzspec:PXD010154:01320_F04_P013559_S00_N30_R1:scan:39621:GHN[Deamidated]Q[Deamidated]LAYDGKDYIALN[Deamidated]EDLSSWTAADTAAQITQR/3
GHNQLAYDGKDYIALNEDLSSWTAADTAAQITQR	4|Deamidated|16|Deamidated	mzspec:PXD010154:01320_E04_P013559_S00_N29_R1:scan:39187:GHNQ[Deamidated]LAYDGKDYIALN[Deamidated]EDLSSWTAADTAAQITQR/3
GIYNQEENVR		mzspec:PXD010154:01321_F12_P013127_S00_N14_R1:scan:10212:GIYNQEENVR/2
GIYNQEENVRFDSDVGEYR		mzspec:PXD010154:01499_H03_P015159_S00_N24_R1:scan:23459:GIYNQEENVRFDSDVGEYR/3
GLEWIGRIYTSGSTNYNPSLK		mzspec:PXD010154:01293_F03_P013196_S00_N22_R1:scan:37918:GLEWIGRIYTSGSTNYNPSLK/2
GLEWIGRIYTSGSTNYNPSLK	17|Deamidated	mzspec:PXD010154:01349_F03_P013680_S00_N22_R1:scan:39076:GLEWIGRIYTSGSTNYN[Deamidated]PSLK/3
GLEWIGSIHYR		mzspec:PXD010154:01346_B03_P013677_S00_N18_R1:scan:28481:GLEWIGSIHYR/2
GLEWVSGISWNSGSIGYADSVK		mzspec:PXD010154:01499_E03_P015159_S00_N21_R1:scan:44659:GLEWVSGISWNSGSIGYADSVK/2
GLNSWQQQQQQQQQQQPRPPPR		mzspec:PXD010154:01320_D01_P013559_S00_N04_R1:scan:11697:GLNSWQQQQQQQQQQQPRPPPR/3
GMLQPGTALVLLEAQAATGFVIDPVR		mzspec:PXD010154:01283_A02_P013187_S00_N09_R1:scan:57437:GMLQPGTALVLLEAQAATGFVIDPVR/3
GMLQPGTALVLLEAQAATGFVIDPVR	15|Deamidated	mzspec:PXD010154:01284_G01_P013188_B00_N07_R1:scan:58852:GMLQPGTALVLLEAQ[Deamidated]AATGFVIDPVR/3
GNYDAAKRGPGGVWAAEAISDAR		mzspec:PXD010154:01697_B02_P018020_S00_N10_R2:scan:36006:GNYDAAKRGPGGVWAAEAISDAR/3
GPGGVWAAEAISDAR		mzspec:PXD010154:01499_H01_P015159_S00_N08_R1:scan:27682:GPGGVWAAEAISDAR/2
GPGGVWAAEAISDARENIQR		mzspec:PXD010154:01697_C02_P018020_S00_N11_R2:scan:46411:GPGGVWAAEAISDARENIQR/3
GPSAAGGHPGPAASEPVLPPLPGPQR		mzspec:PXD010154:01343_D01_P013674_S00_N04_R2:scan:25224:GPSAAGGHPGPAASEPVLPPLPGPQR/3
GRVLLDEPPEEEDGLRGGPPPAAAAQAQVQGASFR		mzspec:PXD010154:01697_G02_P018020_S00_N15_R2:scan:36913:GRVLLDEPPEEEDGLRGGPPPAAAAQAQVQGASFR/4
GSGLRGPLSRFYSGSPTSYFTSGLQAGLK		mzspec:PXD010154:01277_C01_P013129_S00_N03_R1:scan:39005:GSGLRGPLSRFYSGSPTSYFTSGLQAGLK/3
GSGLRGPLSRFYSGSPTSYFTSGLQAGLK	25|Deamidated	mzspec:PXD010154:01344_E01_P013675_S00_N05_R1:scan:34484:GSGLRGPLSRFYSGSPTSYFTSGLQ[Deamidated]AGLK/3
GSLEEYEDTPWSDQRPR		mzspec:PXD010154:01279_A04_P013163_B00_N25_R1:scan:23045:GSLEEYEDTPWSDQRPR/3
GSSGTQASDSEGHSEDSDTQSVSAHGQAGPHQQSHQQSTR	6|Deamidated|37|Deamidated	mzspec:PXD010154:01348_C03_P013679_S00_N19_R1:scan:5503:GSSGTQ[Deamidated]ASDSEGHSEDSDTQSVSAHGQAGPHQQSHQQ[Deamidated]STR/6
GSTYALQTGPLLGQPDSLELQR		mzspec:PXD010154:01320_D02_P013559_S00_N12_R1:scan:37340:GSTYALQTGPLLGQPDSLELQR/2
GSTYALQTGPLLGQPDSLELQR	7|Deamidated|14|Deamidated	mzspec:PXD010154:01320_D02_P013559_S00_N12_R1:scan:37438:GSTYALQ[Deamidated]TGPLLGQ[Deamidated]PDSLELQR/2
GTAAAAAAAAAAAAAAAK		mzspec:PXD010154:01307_A01_P013386_S00_N01_R1:scan:27874:GTAAAAAAAAAAAAAAAK/2
GTAAAAAAAAAAAAAAAKVPAKK		mzspec:PXD010154:01697_B01_P018020_S00_N02_R1:scan:31843:GTAAAAAAAAAAAAAAAKVPAKK/3
GTAAAAAAAAAAAAKVPAK		mzspec:PXD010154:01075_A01_P010693_S00_N01_R1:scan:16631:GTAAAAAAAAAAAAKVPAK/2
GTAAAAAAAAAAAAKVPAKK		mzspec:PXD010154:01697_A01_P018020_S00_N01_R2:scan:28131:GTAAAAAAAAAAAAKVPAKK/3
GTAHYHSLPAQDNLVLKR		mzspec:PXD010154:01296_D01_P013201_S00_N04_R1:scan:13339:GTAHYHSLPAQDNLVLKR/4
GYNQFAYDGKDYIALNEDLSSWTAADTAAQITQR		mzspec:PXD010154:01093_F04_P010748_S00_N30_R1:scan:42193:GYNQFAYDGKDYIALNEDLSSWTAADTAAQITQR/3
HFHNQEELLR		mzspec:PXD010154:01320_G02_P013559_S00_N15_R1:scan:9393:HFHNQEELLR/3
HFHNQEELLRFDSDVGEFR		mzspec:PXD010154:01320_C04_P013559_S00_N27_R1:scan:27875:HFHNQEELLRFDSDVGEFR/4
HIYNREEYVR		mzspec:PXD010154:01524_E02_P015424_S00_N13_R1:scan:7010:HIYNREEYVR/3
HIYNREEYVRFDSDVGVYR		mzspec:PXD010154:01697_G03_P018020_S00_N23_R2:scan:29959:HIYNREEYVRFDSDVGVYR/4
HLLHLLLSPLEVR		mzspec:PXD010154:01307_C01_P013386_S00_N03_R1:scan:37619:HLLHLLLSPLEVR/3
HNYEVGYR		mzspec:PXD010154:01293_B03_P013196_S00_N18_R1:scan:6655:HNYEVGYR/2
HPPQPQPQPQPQPQPQPEPEPSPWGPLDDVR	16|Deamidated	mzspec:PXD010154:01524_G02_P015424_S00_N15_R1:scan:29743:HPPQPQPQPQPQPQPQ[Deamidated]PEPEPSPWGPLDDVR/3
IDWGDDQFYSTSLK		mzspec:PXD010154:01295_E08_P013197_S00_N24_R1:scan:28850:IDWGDDQFYSTSLK/3
IIRDDMLCAGNSQR	6|Oxidation|8|Carbamidomethyl	mzspec:PXD010154:01276_E01_P013128_S00_N05_R1:scan:11429:IIRDDM[Oxidation]LC[Carbamidomethyl]AGNSQR/3
IIRDDMLCAGNSQR	6|Oxidation|8|Carbamidomethyl|11|Deamidated|13|Deamidated	mzspec:PXD010154:01276_G02_P013128_S00_N14_R1:scan:11308:IIRDDM[Oxidation]LC[Carbamidomethyl]AGN[Deamidated]SQ[Deamidated]R/3
IIRDDMLCAGNSQR	8|Carbamidomethyl	mzspec:PXD010154:01500_F01_P015160_S00_N06_R1:scan:16586:IIRDDMLC[Carbamidomethyl]AGNSQR/3
IIRDDMLCAGNSQR	8|Carbamidomethyl|11|Deamidated|13|Deamidated	mzspec:PXD010154:01276_H02_P013128_S00_N15_R1:scan:17599:IIRDDMLC[Carbamidomethyl]AGN[Deamidated]SQ[Deamidated]R/3
IIRDDMLCAGNSQR	8|Carbamidomethyl|13|Deamidated	mzspec:PXD010154:01294_C02_P013197_S00_N11_R1:scan:15155:IIRDDMLC[Carbamidomethyl]AGNSQ[Deamidated]R/3
ILEFVGHSLPEETVDFMVQHTSFK		mzspec:PXD010154:01524_G03_P015424_S00_N23_R1:scan:48607:ILEFVGHSLPEETVDFMVQHTSFK/4
ILEFVGHSLPEETVDFMVQHTSFK	17|Oxidation	mzspec:PXD010154:01524_C03_P015424_S00_N19_R1:scan:37883:ILEFVGHSLPEETVDFM[Oxidation]VQHTSFK/4
ILEFVGHSLPEETVDFMVQHTSFK	17|Oxidation|19|Deamidated	mzspec:PXD010154:01321_E03_P013560_B00_N21_R1:scan:33205:ILEFVGHSLPEETVDFM[Oxidation]VQ[Deamidated]HTSFK/4
ILEFVGHSLPEETVDFMVQHTSFK	19|Deamidated	mzspec:PXD010154:01524_G03_P015424_S00_N23_R1:scan:48164:ILEFVGHSLPEETVDFMVQ[Deamidated]HTSFK/3
ISQTYQQQYGRR		mzspec:PXD010154:01321_E01_P013560_B00_N05_R1:scan:7897:ISQTYQQQYGRR/3
ITQSPSSLSASTGDR		mzspec:PXD010154:01308_F01_P013387_B00_N06_R1:scan:12640:ITQSPSSLSASTGDR/2
KAPGTKGTAAAAAAAAAAAAAAAK		mzspec:PXD010154:01697_A01_P018020_S00_N01_R2:scan:34112:KAPGTKGTAAAAAAAAAAAAAAAK/3
KAPGTKGTAAAAAAAAAAAAK		mzspec:PXD010154:01697_A01_P018020_S00_N01_R2:scan:22336:KAPGTKGTAAAAAAAAAAAAK/3
KEEWQPGQQSR	8|Deamidated	mzspec:PXD010154:01306_G02_P013385_S00_N15_R1:scan:8509:KEEWQPGQ[Deamidated]QSR/3
KFDFQGTCNYVLATTGCLGVSTQGLTPFTVTTKNENR	8|Carbamidomethyl|17|Carbamidomethyl|23|Deamidated	mzspec:PXD010154:01284_C01_P013188_B00_N03_R1:scan:38165:KFDFQGTC[Carbamidomethyl]NYVLATTGC[Carbamidomethyl]LGVSTQ[Deamidated]GLTPFTVTTKNENR/4
KHPSPANTLFPGNK		mzspec:PXD010154:01270_A01_P013114_S00_N01_R2:scan:11856:KHPSPANTLFPGNK/3
KQAEVVDTEWEK		mzspec:PXD010154:01283_B03_P013187_S00_N18_R1:scan:14452:KQAEVVDTEWEK/2
LCFTVQGFPMPMVQWYK	2|Carbamidomethyl	mzspec:PXD010154:01296_G01_P013201_S00_N07_R1:scan:46373:LC[Carbamidomethyl]FTVQGFPMPMVQWYK/2
LGLDFPNGMLGSLVAQLSFPGFPSIQLPYLIDGTHK	9|Oxidation|16|Deamidated|26|Deamidated	mzspec:PXD010154:01307_A03_P013386_S00_N17_R1:scan:47335:LGLDFPNGM[Oxidation]LGSLVAQ[Deamidated]LSFPGFPSIQ[Deamidated]LPYLIDGTHK/4
LIIYAQLTGK		mzspec:PXD010154:01306_D01_P013385_S00_N04_R1:scan:30421:LIIYAQLTGK/2
LLGLELSEAEAIGADSAR		mzspec:PXD010154:01346_C03_P013677_S00_N19_R1:scan:35298:LLGLELSEAEAIGADSAR/2
LLGLPGPPDVPDHAAYHPFR		mzspec:PXD010154:01349_B02_P013680_S00_N10_R1:scan:34450:LLGLPGPPDVPDHAAYHPFR/4
LLGLPGPPDVPDHAAYHPFRR		mzspec:PXD010154:01308_H01_P013387_B00_N08_R1:scan:29957:LLGLPGPPDVPDHAAYHPFRR/4
LNSVTAADTALYYCAR	14|Carbamidomethyl	mzspec:PXD010154:01320_B02_P013559_S00_N10_R1:scan:28464:LNSVTAADTALYYC[Carbamidomethyl]AR/2
LNSVTAADTALYYCAR	2|Deamidated|14|Carbamidomethyl	mzspec:PXD010154:01499_D02_P015159_S00_N12_R1:scan:24289:LN[Deamidated]SVTAADTALYYC[Carbamidomethyl]AR/2
LPLALPPASQGCSSGGGGGGGGGSSAGGSGNSRPPR	10|Deamidated|12|Carbamidomethyl	mzspec:PXD010154:01307_A01_P013386_S00_N01_R1:scan:21767:LPLALPPASQ[Deamidated]GC[Carbamidomethyl]SSGGGGGGGGGSSAGGSGNSRPPR/3
LPLALPPASQGCSSGGGGGGGGGSSAGGSGNSRPPR	10|Deamidated|31|Deamidated|12|Carbamidomethyl	mzspec:PXD010154:01307_A01_P013386_S00_N01_R1:scan:21970:LPLALPPASQ[Deamidated]GC[Carbamidomethyl]SSGGGGGGGGGSSAGGSGN[Deamidated]SRPPR/3
LPQEQSQLPNPSEASTTFPESHLR		mzspec:PXD010154:01348_B02_P013679_S00_N10_R1:scan:30164:LPQEQSQLPNPSEASTTFPESHLR/3
LPQEQSQLPNPSEASTTFPESHLR	10|Deamidated	mzspec:PXD010154:01283_D02_P013187_S00_N12_R1:scan:23568:LPQEQSQLPN[Deamidated]PSEASTTFPESHLR/3
LPQEQSQLPNPSEASTTFPESHLR	5|Deamidated	mzspec:PXD010154:01087_D02_P010739_S00_N12_R1:scan:26050:LPQEQ[Deamidated]SQLPNPSEASTTFPESHLR/3
LPQEQSQLPNPSEASTTFPESHLR	5|Deamidated|10|Deamidated	mzspec:PXD010154:01293_D02_P013196_S00_N12_R1:scan:22996:LPQEQ[Deamidated]SQLPN[Deamidated]PSEASTTFPESHLR/3
LPQEQSQLPNPSEASTTFPESHLR	7|Deamidated	mzspec:PXD010154:01524_D02_P015424_S00_N12_R1:scan:25959:LPQEQSQ[Deamidated]LPNPSEASTTFPESHLR/3
LPQEQSQLPNPSEASTTFPESHLR	7|Deamidated|10|Deamidated	mzspec:PXD010154:01075_D02_P010693_S00_N12_R1:scan:27411:LPQEQSQ[Deamidated]LPN[Deamidated]PSEASTTFPESHLR/3
LREENDLGPAGMVDSSQGQGYLEEK		mzspec:PXD010154:01280_F03_P013164_S00_N22_R1:scan:25046:LREENDLGPAGMVDSSQGQGYLEEK/3
LREENDLGPAGMVDSSQGQGYLEEK	12|Oxidation	mzspec:PXD010154:01280_E03_P013164_S00_N21_R2:scan:20171:LREENDLGPAGM[Oxidation]VDSSQGQGYLEEK/3
LREENDLGPAGMVDSSQGQGYLEEK	12|Oxidation|17|Deamidated	mzspec:PXD010154:01280_E03_P013164_S00_N21_R2:scan:20214:LREENDLGPAGM[Oxidation]VDSSQ[Deamidated]GQGYLEEK/3
LREENDLGPAGMVDSSQGQGYLEEK	5|Deamidated	mzspec:PXD010154:01280_G03_P013164_S00_N23_R1:scan:25268:LREEN[Deamidated]DLGPAGMVDSSQGQGYLEEK/3
LSYDQQQQQQQQQQALQSR		mzspec:PXD010154:01086_B02_P010738_S00_N10_R1:scan:9762:LSYDQQQQQQQQQQALQSR/2
LSYDQQQQQQQQQQALQSR	9|Deamidated	mzspec:PXD010154:01086_B02_P010738_S00_N10_R1:scan:9817:LSYDQQQQQ[Deamidated]QQQQQALQSR/2
LTPPAGISATEIAK		mzspec:PXD010154:01501_F01_P015161_S00_N06_R1:scan:27220:LTPPAGISATEIAK/2
MEPEPAEPLAAAVEVANGAEQTR		mzspec:PXD010154:01346_B03_P013677_S00_N18_R1:scan:36446:MEPEPAEPLAAAVEVANGAEQTR/2
MEPEPAEPLAAAVEVANGAEQTR	1|Oxidation	mzspec:PXD010154:01284_A03_P013188_B00_N17_R1:scan:37762:M[Oxidation]EPEPAEPLAAAVEVANGAEQTR/2
MKGTAHYHSLPAQDNLVLKR	1|Oxidation	mzspec:PXD010154:01296_E01_P013201_S00_N05_R1:scan:12082:M[Oxidation]KGTAHYHSLPAQDNLVLKR/5
MLKEEQEVAMLGAPHNPAPPTSTVIHIR		mzspec:PXD010154:01349_B02_P013680_S00_N10_R1:scan:28421:MLKEEQEVAMLGAPHNPAPPTSTVIHIR/5
MLKEEQEVAMLGAPHNPAPPTSTVIHIR	0|Acetyl|1|Oxidation|6|Deamidated|16|Deamidated	mzspec:PXD010154:01294_B02_P013197_S00_N10_R1:scan:32464:[Acetyl]-M[Oxidation]LKEEQ[Deamidated]EVAMLGAPHN[Deamidated]PAPPTSTVIHIR/4
MLKEEQEVAMLGAPHNPAPPTSTVIHIR	6|Deamidated	mzspec:PXD010154:01279_B02_P013163_B00_N10_R1:scan:28678:MLKEEQ[Deamidated]EVAMLGAPHNPAPPTSTVIHIR/4
MSIYQAMWKGMLQPGTALVLLEAQAATGFVIDPVR	5|Deamidated|13|Deamidated|11|Oxidation	mzspec:PXD010154:01284_C02_P013188_B00_N11_R1:scan:56834:MSIYQ[Deamidated]AMWKGM[Oxidation]LQ[Deamidated]PGTALVLLEAQAATGFVIDPVR/4
MTEFGLSWVFLVAIFKGVQCEVQLVESGGGLVQPGGSLR	0|Acetyl|20|Carbamidomethyl|23|Deamidated	mzspec:PXD010154:01295_C02_P013198_S00_N11_R1:scan:29661:[Acetyl]-MTEFGLSWVFLVAIFKGVQC[Carbamidomethyl]EVQ[Deamidated]LVESGGGLVQPGGSLR/4
NEVQKTSNSEDGSMGSFSEK		mzspec:PXD010154:01698_F02_P018021_S00_N14_R1:scan:17862:NEVQKTSNSEDGSMGSFSEK/3
NFDREIGHNNPSAMAVESFTATAPFVQIGR		mzspec:PXD010154:01077_C02_P010695_S00_N11_R1:scan:45879:NFDREIGHNNPSAMAVESFTATAPFVQIGR/4
NFDREIGHNNPSAMAVESFTATAPFVQIGR	14|Oxidation	mzspec:PXD010154:01524_B02_P015424_S00_N10_R1:scan:41220:NFDREIGHNNPSAM[Oxidation]AVESFTATAPFVQIGR/4
NFDREIGHNNPSAMAVESFTATAPFVQIGR	9|Deamidated	mzspec:PXD010154:01284_B02_P013188_B00_N10_R1:scan:42908:NFDREIGHN[Deamidated]NPSAMAVESFTATAPFVQIGR/3
NFNLPQLCIWK	8|Carbamidomethyl	mzspec:PXD010154:01283_D01_P013187_S00_N04_R1:scan:42386:NFNLPQLC[Carbamidomethyl]IWK/2
NHPVPVIAMVNGLATAAGCQLVASCNIAVASDK	19|Carbamidomethyl|25|Carbamidomethyl|20|Deamidated|26|Deamidated	mzspec:PXD010154:01321_A02_P013560_B00_N09_R1:scan:54251:NHPVPVIAMVNGLATAAGC[Carbamidomethyl]Q[Deamidated]LVASC[Carbamidomethyl]N[Deamidated]IAVASDK/3
NHPVPVIAMVNGLATAAGCQLVASCNIAVASDK	19|Carbamidomethyl|25|Carbamidomethyl|26|Deamidated	mzspec:PXD010154:01321_H11_P013127_S00_N08_R1:scan:53598:NHPVPVIAMVNGLATAAGC[Carbamidomethyl]QLVASC[Carbamidomethyl]N[Deamidated]IAVASDK/3
NLIPVGSLVVMDVEVDKIEDQK		mzspec:PXD010154:01348_A03_P013679_S00_N17_R1:scan:52595:NLIPVGSLVVMDVEVDKIEDQK/3
NLPAGTLAAELQETFGR		mzspec:PXD010154:01283_C02_P013187_S00_N11_R1:scan:46177:NLPAGTLAAELQETFGR/2
NQVSLTCLVKGFYPSDIAMEWESSGQPENNYK	7|Carbamidomethyl|26|Deamidated	mzspec:PXD010154:01697_G03_P018020_S00_N23_R2:scan:56855:NQVSLTC[Carbamidomethyl]LVKGFYPSDIAMEWESSGQ[Deamidated]PENNYK/3
NRVGASSKLDSSPVLSPGNK		mzspec:PXD010154:01698_A01_P018021_S00_N01_R1:scan:21649:NRVGASSKLDSSPVLSPGNK/3
NSSVCENCGYFQQLEGK	5|Carbamidomethyl|8|Carbamidomethyl	mzspec:PXD010154:01501_E02_P015161_S00_N13_R1:scan:23027:NSSVC[Carbamidomethyl]ENC[Carbamidomethyl]GYFQQLEGK/2
NSSVCENCGYFQQLEGK	5|Carbamidomethyl|8|Carbamidomethyl|7|Deamidated	mzspec:PXD010154:01226_G02_P012502_S00_N15_R1:scan:26648:NSSVC[Carbamidomethyl]EN[Deamidated]C[Carbamidomethyl]GYFQQLEGK/2
NTLGSGVTGAVNVAK		mzspec:PXD010154:01499_G01_P015159_S00_N07_R1:scan:19992:NTLGSGVTGAVNVAK/2
NTLYLQMHSLRTEDTAVYYCAR	6|Deamidated|20|Carbamidomethyl	mzspec:PXD010154:01295_D02_P013198_S00_N12_R1:scan:33702:NTLYLQ[Deamidated]MHSLRTEDTAVYYC[Carbamidomethyl]AR/3
NTLYLQMKSLRAEGTAVYYCAR	7|Oxidation|20|Carbamidomethyl	mzspec:PXD010154:01276_C02_P013128_S00_N10_R1:scan:28996:NTLYLQM[Oxidation]KSLRAEGTAVYYC[Carbamidomethyl]AR/3
PAPGSTAPAAHGVTSAPESR		mzspec:PXD010154:01308_D01_P013387_B00_N04_R1:scan:8318:PAPGSTAPAAHGVTSAPESR/3
PAPGSTAPPAHGVTSAPESR		mzspec:PXD010154:01347_D01_P013678_S00_N04_R2:scan:8854:PAPGSTAPPAHGVTSAPESR/2
PAQASPSSSSSSSAPELLGGPSVFLFPPKPK		mzspec:PXD010154:01295_A01_P013198_S00_N01_R1:scan:21410:PAQASPSSSSSSSAPELLGGPSVFLFPPKPK/5
PAQASPSSSSSSSAPELLGGPSVFLFPPKPK	3|Deamidated	mzspec:PXD010154:01295_A01_P013198_S00_N01_R1:scan:24125:PAQ[Deamidated]ASPSSSSSSSAPELLGGPSVFLFPPKPK/3
PGIPGSTASLLEPTSGALGLFQGSPAR		mzspec:PXD010154:01280_F01_P013164_S00_N06_R1:scan:51889:PGIPGSTASLLEPTSGALGLFQGSPAR/2
PLPLPQGLR	6|Deamidated	mzspec:PXD010154:01277_G01_P013129_S00_N07_R1:scan:23542:PLPLPQ[Deamidated]GLR/2
QAEVVDTEWEKLNLHSADWQR		mzspec:PXD010154:01283_B04_P013187_S00_N26_R1:scan:28879:QAEVVDTEWEKLNLHSADWQR/4
QGSSVSQDSDSQGHSEDSERR	12|Deamidated	mzspec:PXD010154:01346_C03_P013677_S00_N19_R1:scan:2194:QGSSVSQDSDSQ[Deamidated]GHSEDSERR/4
QPAGKGLEWIGR		mzspec:PXD010154:01087_D01_P010739_S00_N04_R1:scan:19552:QPAGKGLEWIGR/3
QPAGKGLEWIGR	1|Deamidated	mzspec:PXD010154:01087_F02_P010739_S00_N14_R1:scan:26342:Q[Deamidated]PAGKGLEWIGR/2
QQCVKLNDGHFMPVLGFGTYAPPEVPR	3|Carbamidomethyl|12|Oxidation	mzspec:PXD010154:01086_B03_P010738_S00_N18_R1:scan:41434:QQC[Carbamidomethyl]VKLNDGHFM[Oxidation]PVLGFGTYAPPEVPR/4
QQVSVSSTDSLDEDRIDEPDGLGPRR		mzspec:PXD010154:01697_H02_P018020_S00_N16_R2:scan:27842:QQVSVSSTDSLDEDRIDEPDGLGPRR/4
QRVQEALLQLSQALSLMETVK	4|Deamidated|12|Deamidated	mzspec:PXD010154:01698_H02_P018021_S00_N16_R1:scan:67842:QRVQ[Deamidated]EALLQLSQ[Deamidated]ALSLMETVK/3
RGAPAGAGSGTQTGTGTGAR		mzspec:PXD010154:01343_A01_P013674_S00_N01_R2:scan:2580:RGAPAGAGSGTQTGTGTGAR/3
RGPGGVWAAEAISDAR		mzspec:PXD010154:01697_G01_P018020_S00_N07_R2:scan:36418:RGPGGVWAAEAISDAR/3
RGPGGVWAAEAISDARENIQR		mzspec:PXD010154:01697_G01_P018020_S00_N07_R2:scan:41917:RGPGGVWAAEAISDARENIQR/3
RPGGVPEKPHSR		mzspec:PXD010154:01086_D01_P010738_S00_N04_R1:scan:4513:RPGGVPEKPHSR/3
RPPPASAPAPQPAPQPAPTPSVGSSFFSSLSQAVK	11|Deamidated	mzspec:PXD010154:01277_B01_P013129_S00_N02_R1:scan:26093:RPPPASAPAPQ[Deamidated]PAPQPAPTPSVGSSFFSSLSQAVK/3
RPPPASAPAPQPAPQPAPTPSVGSSFFSSLSQAVK	11|Deamidated|15|Deamidated	mzspec:PXD010154:01284_C01_P013188_B00_N03_R1:scan:33906:RPPPASAPAPQ[Deamidated]PAPQ[Deamidated]PAPTPSVGSSFFSSLSQAVK/3
RSGASGASAAPAASAAAALAPSATR		mzspec:PXD010154:01697_A01_P018020_S00_N01_R2:scan:30547:RSGASGASAAPAASAAAALAPSATR/3
SAGGGTYYADSVK		mzspec:PXD010154:01276_D02_P013128_S00_N11_R1:scan:14506:SAGGGTYYADSVK/2
SAMSEIEGIQSLICRR	14|Carbamidomethyl	mzspec:PXD010154:01697_H01_P018020_S00_N08_R2:scan:57095:SAMSEIEGIQSLIC[Carbamidomethyl]RR/3
SAPATSRPGSAPTPGAPGEADLR		mzspec:PXD010154:01277_G01_P013129_S00_N07_R1:scan:12977:SAPATSRPGSAPTPGAPGEADLR/3
SAVEAQNEVTENPKQEIAAESSENVDCLENPK	27|Carbamidomethyl	mzspec:PXD010154:01349_D03_P013680_S00_N20_R1:scan:24396:SAVEAQNEVTENPKQEIAAESSENVDC[Carbamidomethyl]LENPK/3
SAVQGPPDRDLCGCYSVSSVLSGCAEPWNHGK	12|Carbamidomethyl|14|Carbamidomethyl|24|Carbamidomethyl	mzspec:PXD010154:01296_C02_P013201_S00_N11_R1:scan:28863:SAVQGPPDRDLC[Carbamidomethyl]GC[Carbamidomethyl]YSVSSVLSGC[Carbamidomethyl]AEPWNHGK/4
SAVQGPPDRDLCGCYSVSSVLSGCAEPWNHGK	4|Deamidated|12|Carbamidomethyl|14|Carbamidomethyl|24|Carbamidomethyl	mzspec:PXD010154:01499_D02_P015159_S00_N12_R1:scan:29540:SAVQ[Deamidated]GPPDRDLC[Carbamidomethyl]GC[Carbamidomethyl]YSVSSVLSGC[Carbamidomethyl]AEPWNHGK/3
SDLSLIQQQQQQQQQQQQQQQQK		mzspec:PXD010154:01277_F01_P013129_S00_N06_R1:scan:19251:SDLSLIQQQQQQQQQQQQQQQQK/3
SDLSLIQQQQQQQQQQQQQQQQK	11|Deamidated|12|Deamidated	mzspec:PXD010154:01277_F01_P013129_S00_N06_R1:scan:19245:SDLSLIQQQQQ[Deamidated]Q[Deamidated]QQQQQQQQQQK/3
SFFSLTEIVR		mzspec:PXD010154:01500_B02_P015160_S00_N10_R1:scan:44830:SFFSLTEIVR/2
SFTFVQAGQDLEENMDEDVSEK	9|Deamidated	mzspec:PXD010154:01348_E04_P013679_S00_N29_R1:scan:43287:SFTFVQAGQ[Deamidated]DLEENMDEDVSEK/2
SGAHSFISGLPQGYDTEVGEAGSQLSGGQQQAVALAR		mzspec:PXD010154:01349_F02_P013680_S00_N14_R1:scan:33608:SGAHSFISGLPQGYDTEVGEAGSQLSGGQQQAVALAR/3
SGAHSFISGLPQGYDTEVGEAGSQLSGGQQQAVALAR	12|Deamidated|24|Deamidated	mzspec:PXD010154:01280_G02_P013164_S00_N15_R1:scan:30832:SGAHSFISGLPQ[Deamidated]GYDTEVGEAGSQ[Deamidated]LSGGQQQAVALAR/3
SGAHSFISGLPQGYDTEVGEAGSQLSGGQQQAVALAR	24|Deamidated	mzspec:PXD010154:01280_F02_P013164_S00_N14_R1:scan:31447:SGAHSFISGLPQGYDTEVGEAGSQ[Deamidated]LSGGQQQAVALAR/3
SGASGASAAPAASAAAALAPSATR		mzspec:PXD010154:01698_A01_P018021_S00_N01_R1:scan:34919:SGASGASAAPAASAAAALAPSATR/2
SGASGASAAPAASAAAALAPSATRTR		mzspec:PXD010154:01698_A01_P018021_S00_N01_R1:scan:32094:SGASGASAAPAASAAAALAPSATRTR/3
SILTSTTTVEHAPIWRPGTEQSSGSSGSSGGGGGSSSR	21|Deamidated	mzspec:PXD010154:01344_F01_P013675_S00_N06_R1:scan:25270:SILTSTTTVEHAPIWRPGTEQ[Deamidated]SSGSSGSSGGGGGSSSR/4
SKANGGTTDYAAPVK		mzspec:PXD010154:01293_E01_P013196_S00_N05_R1:scan:7997:SKANGGTTDYAAPVK/2
SKANGGTTDYAAPVK	4|Deamidated	mzspec:PXD010154:01276_H01_P013128_S00_N08_R1:scan:8668:SKAN[Deamidated]GGTTDYAAPVK/3
SMKLPQEQSQLPNPSEASTTFPESHLR		mzspec:PXD010154:01277_B02_P013129_S00_N10_R1:scan:26053:SMKLPQEQSQLPNPSEASTTFPESHLR/4
SMKLPQEQSQLPNPSEASTTFPESHLR	10|Deamidated	mzspec:PXD010154:01280_B02_P013164_S00_N10_R1:scan:24179:SMKLPQEQSQ[Deamidated]LPNPSEASTTFPESHLR/4
SMKLPQEQSQLPNPSEASTTFPESHLR	10|Deamidated|13|Deamidated	mzspec:PXD010154:01077_D02_P010695_S00_N12_R1:scan:28616:SMKLPQEQSQ[Deamidated]LPN[Deamidated]PSEASTTFPESHLR/4
SMKLPQEQSQLPNPSEASTTFPESHLR	2|Oxidation|10|Deamidated	mzspec:PXD010154:01308_B02_P013387_B00_N10_R1:scan:25196:SM[Oxidation]KLPQEQSQ[Deamidated]LPNPSEASTTFPESHLR/4
SMKLPQEQSQLPNPSEASTTFPESHLR	2|Oxidation|13|Deamidated	mzspec:PXD010154:01323_B02_P013562_S00_N10_R1:scan:30200:SM[Oxidation]KLPQEQSQLPN[Deamidated]PSEASTTFPESHLR/4
SMKLPQEQSQLPNPSEASTTFPESHLR	2|Oxidation|8|Deamidated|10|Deamidated	mzspec:PXD010154:01276_B02_P013128_S00_N09_R1:scan:26466:SM[Oxidation]KLPQEQ[Deamidated]SQ[Deamidated]LPNPSEASTTFPESHLR/4
SMKLPQEQSQLPNPSEASTTFPESHLR	6|Deamidated	mzspec:PXD010154:01348_B02_P013679_S00_N10_R1:scan:30287:SMKLPQ[Deamidated]EQSQLPNPSEASTTFPESHLR/3
SMKLPQEQSQLPNPSEASTTFPESHLR	6|Deamidated|13|Deamidated	mzspec:PXD010154:01279_B02_P013163_B00_N10_R1:scan:27235:SMKLPQ[Deamidated]EQSQLPN[Deamidated]PSEASTTFPESHLR/3
SMKLPQEQSQLPNPSEASTTFPESHLR	6|Deamidated|8|Deamidated	mzspec:PXD010154:01280_B02_P013164_S00_N10_R1:scan:24201:SMKLPQ[Deamidated]EQ[Deamidated]SQLPNPSEASTTFPESHLR/4
SMKLPQEQSQLPNPSEASTTFPESHLR	8|Deamidated	mzspec:PXD010154:01308_B02_P013387_B00_N10_R1:scan:28344:SMKLPQEQ[Deamidated]SQLPNPSEASTTFPESHLR/4
SMKLPQEQSQLPNPSEASTTFPESHLR	8|Deamidated|10|Deamidated	mzspec:PXD010154:01320_B02_P013559_S00_N10_R1:scan:27964:SMKLPQEQ[Deamidated]SQ[Deamidated]LPNPSEASTTFPESHLR/4
SMKLPQEQSQLPNPSEASTTFPESHLR	8|Deamidated|13|Deamidated	mzspec:PXD010154:01284_B02_P013188_B00_N10_R1:scan:29022:SMKLPQEQ[Deamidated]SQLPN[Deamidated]PSEASTTFPESHLR/4
SMTSELEELDKPEEIVPASKPSR		mzspec:PXD010154:01277_A03_P013129_S00_N17_R1:scan:28173:SMTSELEELDKPEEIVPASKPSR/3
SRPPGCYTCADCGLNLK	6|Carbamidomethyl|9|Carbamidomethyl|12|Carbamidomethyl	mzspec:PXD010154:01088_H02_P010740_S00_N16_R1:scan:16098:SRPPGC[Carbamidomethyl]YTC[Carbamidomethyl]ADC[Carbamidomethyl]GLNLK/3
SRPSFHPVSDELVNCVNKR	15|Carbamidomethyl	mzspec:PXD010154:01306_C01_P013385_S00_N03_R1:scan:22433:SRPSFHPVSDELVNC[Carbamidomethyl]VNKR/4
SSKPSDMSVQVCGYISK	12|Carbamidomethyl	mzspec:PXD010154:01226_B01_P012502_S00_N02_R1:scan:23296:SSKPSDMSVQVC[Carbamidomethyl]GYISK/3
SSKPSDMSVQVCGYISK	7|Oxidation|10|Deamidated|12|Carbamidomethyl	mzspec:PXD010154:01306_C01_P013385_S00_N03_R1:scan:15910:SSKPSDM[Oxidation]SVQ[Deamidated]VC[Carbamidomethyl]GYISK/3
SSKPSDMSVQVCGYISK	7|Oxidation|12|Carbamidomethyl	mzspec:PXD010154:01306_C01_P013385_S00_N03_R1:scan:15876:SSKPSDM[Oxidation]SVQVC[Carbamidomethyl]GYISK/3
SSSFSHRSELLHGDLASLGAAALQPQPAAPPQTASPR	26|Deamidated	mzspec:PXD010154:01698_F01_P018021_S00_N06_R1:scan:42676:SSSFSHRSELLHGDLASLGAAALQPQ[Deamidated]PAAPPQTASPR/5
STCNVVHDEFLDIPCTNR	3|Carbamidomethyl|15|Carbamidomethyl	mzspec:PXD010154:01323_H02_P013562_S00_N16_R1:scan:28119:STC[Carbamidomethyl]NVVHDEFLDIPC[Carbamidomethyl]TNR/3
STDTSCVNPPTVQNAYIVSR	6|Carbamidomethyl	mzspec:PXD010154:01321_F01_P013560_B00_N06_R1:scan:27148:STDTSC[Carbamidomethyl]VNPPTVQNAYIVSR/2
SVDALDDLTPPSTAESGSRSPTSNGGRR		mzspec:PXD010154:01698_A02_P018021_S00_N09_R1:scan:31582:SVDALDDLTPPSTAESGSRSPTSNGGRR/4
SVDALDDLTPPSTAESGSRSPTSNGGRR	24|Deamidated	mzspec:PXD010154:01698_B02_P018021_S00_N10_R1:scan:31771:SVDALDDLTPPSTAESGSRSPTSN[Deamidated]GGRR/4
SVGGSEHSPQWSPNGVLLSPEDEEELTAPGK		mzspec:PXD010154:01524_F03_P015424_S00_N22_R1:scan:35029:SVGGSEHSPQWSPNGVLLSPEDEEELTAPGK/3
SVGGSEHSPQWSPNGVLLSPEDEEELTAPGK	10|Deamidated|14|Deamidated	mzspec:PXD010154:01524_G03_P015424_S00_N23_R1:scan:33942:SVGGSEHSPQ[Deamidated]WSPN[Deamidated]GVLLSPEDEEELTAPGK/3
SVGGSEHSPQWSPNGVLLSPEDEEELTAPGK	14|Deamidated	mzspec:PXD010154:01698_H03_P018021_S00_N24_R1:scan:41847:SVGGSEHSPQWSPN[Deamidated]GVLLSPEDEEELTAPGK/3
SVHWYQQKPGQAPVLVIYYDSDRPSGIPER	11|Deamidated	mzspec:PXD010154:01077_F03_P010695_S00_N22_R1:scan:33419:SVHWYQQKPGQ[Deamidated]APVLVIYYDSDRPSGIPER/4
TCSLSYVAGAPQYK	2|Carbamidomethyl	mzspec:PXD010154:01279_D01_P013163_B00_N04_R1:scan:22756:TC[Carbamidomethyl]SLSYVAGAPQYK/2
TDPPRTHMTHHAVSDHEATLR		mzspec:PXD010154:01093_C02_P010748_S00_N11_R1:scan:2773:TDPPRTHMTHHAVSDHEATLR/5
TDPPRTHMTHHAVSDHEATLR	8|Oxidation	mzspec:PXD010154:01093_C02_P010748_S00_N11_R1:scan:1755:TDPPRTHM[Oxidation]THHAVSDHEATLR/5
TEALNHHNLLICSVTDFYPSQIK	12|Carbamidomethyl	mzspec:PXD010154:01501_E02_P015161_S00_N13_R1:scan:33149:TEALNHHNLLIC[Carbamidomethyl]SVTDFYPSQIK/3
TEALNHHNLLICSVTDFYPSQIK	5|Deamidated|12|Carbamidomethyl	mzspec:PXD010154:01294_G02_P013197_S00_N15_R1:scan:34227:TEALN[Deamidated]HHNLLIC[Carbamidomethyl]SVTDFYPSQIK/4
TEALNHHNLLICSVTDFYPSQIK	8|Deamidated|12|Carbamidomethyl	mzspec:PXD010154:01501_E02_P015161_S00_N13_R1:scan:33116:TEALNHHN[Deamidated]LLIC[Carbamidomethyl]SVTDFYPSQIK/3
TEEELKELQAEQQSQEVAGR		mzspec:PXD010154:01320_D03_P013559_S00_N20_R1:scan:18319:TEEELKELQAEQQSQEVAGR/2
TEITGATTVTSVGHQSMTPGEK	15|Deamidated|17|Oxidation	mzspec:PXD010154:01320_B02_P013559_S00_N10_R1:scan:15213:TEITGATTVTSVGHQ[Deamidated]SM[Oxidation]TPGEK/3
TEITGATTVTSVGHQSMTPGEK	17|Oxidation	mzspec:PXD010154:01320_A02_P013559_S00_N09_R1:scan:14220:TEITGATTVTSVGHQSM[Oxidation]TPGEK/3
TEVPLAENQSGPDCAASLK	14|Carbamidomethyl	mzspec:PXD010154:01524_D02_P015424_S00_N12_R1:scan:20825:TEVPLAENQSGPDC[Carbamidomethyl]AASLK/2
TEVPLAENQSGPDCAASLK	8|Deamidated|14|Carbamidomethyl	mzspec:PXD010154:01295_H02_P013198_S00_N16_R1:scan:21062:TEVPLAEN[Deamidated]QSGPDC[Carbamidomethyl]AASLK/2
TEVPLAENQSGPDCAASLKEETGPSYQR	14|Carbamidomethyl	mzspec:PXD010154:01284_E01_P013188_B00_N05_R1:scan:24080:TEVPLAENQSGPDC[Carbamidomethyl]AASLKEETGPSYQR/3
TEVPLAENQSGPDCAASLKEETGPSYQR	8|Deamidated|14|Carbamidomethyl	mzspec:PXD010154:01323_G02_P013562_S00_N15_R1:scan:20817:TEVPLAEN[Deamidated]QSGPDC[Carbamidomethyl]AASLKEETGPSYQR/3
TEVPLAENQSGPDCAASLKEETGPSYQR	8|Deamidated|9|Deamidated|14|Carbamidomethyl	mzspec:PXD010154:01321_G12_P013127_S00_N15_R1:scan:19508:TEVPLAEN[Deamidated]Q[Deamidated]SGPDC[Carbamidomethyl]AASLKEETGPSYQR/3
TEVPLAENQSGPDCAASLKEETGPSYQR	8|Deamidated|9|Deamidated|27|Deamidated|14|Carbamidomethyl	mzspec:PXD010154:01346_C03_P013677_S00_N19_R1:scan:18751:TEVPLAEN[Deamidated]Q[Deamidated]SGPDC[Carbamidomethyl]AASLKEETGPSYQ[Deamidated]R/3
TEVPLAENQSGPDCAASLKEETGPSYQR	9|Deamidated|14|Carbamidomethyl	mzspec:PXD010154:01284_E01_P013188_B00_N05_R1:scan:24163:TEVPLAENQ[Deamidated]SGPDC[Carbamidomethyl]AASLKEETGPSYQR/3
TLEKHADKEDLVILFTDSYDVLFASGPR		mzspec:PXD010154:01697_H03_P018020_S00_N24_R2:scan:61918:TLEKHADKEDLVILFTDSYDVLFASGPR/5
TLTPVGHQSVSPGGTTMTPVHFQTETLR		mzspec:PXD010154:01320_F01_P013559_S00_N06_R1:scan:29440:TLTPVGHQSVSPGGTTMTPVHFQTETLR/3
TLTPVGHQSVSPGGTTMTPVHFQTETLR	17|Oxidation	mzspec:PXD010154:01320_F01_P013559_S00_N06_R1:scan:25976:TLTPVGHQSVSPGGTTM[Oxidation]TPVHFQTETLR/4
TLTPVGHQSVSPGGTTMTPVHFQTETLR	8|Deamidated	mzspec:PXD010154:01320_G01_P013559_S00_N07_R1:scan:26674:TLTPVGHQ[Deamidated]SVSPGGTTMTPVHFQTETLR/3
TLTPVGHQSVSPGGTTMTPVHFQTETLR	8|Deamidated|23|Deamidated|17|Oxidation	mzspec:PXD010154:01320_F01_P013559_S00_N06_R1:scan:26255:TLTPVGHQ[Deamidated]SVSPGGTTM[Oxidation]TPVHFQ[Deamidated]TETLR/3
TQCTEFFLAPVKTEVPLAENQSGPDCAASLK	2|Deamidated|3|Carbamidomethyl|26|Carbamidomethyl	mzspec:PXD010154:01295_D02_P013198_S00_N12_R1:scan:38377:TQ[Deamidated]C[Carbamidomethyl]TEFFLAPVKTEVPLAENQSGPDC[Carbamidomethyl]AASLK/3
TQCTEFFLAPVKTEVPLAENQSGPDCAASLK	3|Carbamidomethyl|26|Carbamidomethyl	mzspec:PXD010154:01295_E02_P013198_S00_N13_R1:scan:37127:TQC[Carbamidomethyl]TEFFLAPVKTEVPLAENQSGPDC[Carbamidomethyl]AASLK/3
TQCTEFFLAPVKTEVPLAENQSGPDCAASLKEETGPSYQR	2|Deamidated|20|Deamidated|3|Carbamidomethyl|26|Carbamidomethyl	mzspec:PXD010154:01323_H02_P013562_S00_N16_R1:scan:34714:TQ[Deamidated]C[Carbamidomethyl]TEFFLAPVKTEVPLAEN[Deamidated]QSGPDC[Carbamidomethyl]AASLKEETGPSYQR/4
TSNSEDGSMGSFSEK	3|Deamidated	mzspec:PXD010154:01283_D03_P013187_S00_N20_R1:scan:12414:TSN[Deamidated]SEDGSMGSFSEK/2
TSNSEDGSMGSFSEK	3|Deamidated|9|Oxidation	mzspec:PXD010154:01296_G02_P013201_S00_N14_R1:scan:5111:TSN[Deamidated]SEDGSM[Oxidation]GSFSEK/2
TTQNIATGTKNTFGSGVTGAANVAK	3|Deamidated	mzspec:PXD010154:01499_F01_P015159_S00_N06_R1:scan:16159:TTQ[Deamidated]NIATGTKNTFGSGVTGAANVAK/3
TTSAPTTSTTSVPTTSTISGPK		mzspec:PXD010154:01276_D01_P013128_S00_N04_R1:scan:20367:TTSAPTTSTTSVPTTSTISGPK/2
VAKNEVLWHPTLNLPLSPQGTVR		mzspec:PXD010154:01524_B01_P015424_S00_N02_R1:scan:22015:VAKNEVLWHPTLNLPLSPQGTVR/4
VAKNEVLWHPTLNLPLSPQGTVR	13|Deamidated	mzspec:PXD010154:01697_B01_P018020_S00_N02_R1:scan:48429:VAKNEVLWHPTLN[Deamidated]LPLSPQGTVR/4
VALLLMASQEPQR		mzspec:PXD010154:01349_H01_P013680_S00_N08_R1:scan:32889:VALLLMASQEPQR/2
VALLLMASQEPQR	6|Oxidation	mzspec:PXD010154:01349_G01_P013680_S00_N07_R1:scan:27574:VALLLM[Oxidation]ASQEPQR/2
VHDRSEEEEEEEEEQPR		mzspec:PXD010154:01343_G04_P013674_S00_N31_R3:scan:5970:VHDRSEEEEEEEEEQPR/4
VILQPIEGIMGSDYINANYVDGYRR		mzspec:PXD010154:01524_B03_P015424_S00_N18_R1:scan:43457:VILQPIEGIMGSDYINANYVDGYRR/3
VILQPIEGIMGSDYINANYVDGYRR	10|Oxidation	mzspec:PXD010154:01277_H02_P013129_S00_N16_R1:scan:33854:VILQPIEGIM[Oxidation]GSDYINANYVDGYRR/3
VILQPIEGIMGSDYINANYVDGYRR	4|Deamidated	mzspec:PXD010154:01075_F03_P010693_S00_N22_R1:scan:46915:VILQ[Deamidated]PIEGIMGSDYINANYVDGYRR/3
VILQPIEGIMGSDYINANYVDGYRR	4|Deamidated|10|Oxidation	mzspec:PXD010154:01524_H02_P015424_S00_N16_R1:scan:37876:VILQ[Deamidated]PIEGIM[Oxidation]GSDYINANYVDGYRR/3
VKFPTDTLQELLDVHAACER	18|Carbamidomethyl	mzspec:PXD010154:01295_H02_P013198_S00_N16_R1:scan:36553:VKFPTDTLQELLDVHAAC[Carbamidomethyl]ER/3
VKFPTDTLQELLDVHAACER	9|Deamidated|18|Carbamidomethyl	mzspec:PXD010154:01295_H02_P013198_S00_N16_R1:scan:36640:VKFPTDTLQ[Deamidated]ELLDVHAAC[Carbamidomethyl]ER/3
VLGFPLCVSLNISPGFR	7|Carbamidomethyl|11|Deamidated	mzspec:PXD010154:01350_B03_P013681_S00_N18_R1:scan:47506:VLGFPLC[Carbamidomethyl]VSLN[Deamidated]ISPGFR/3
VLIYGASSLQSGVPSR		mzspec:PXD010154:01088_C01_P010740_S00_N03_R1:scan:26783:VLIYGASSLQSGVPSR/2
VLIYGASSLQSGVPSR	10|Deamidated	mzspec:PXD010154:01284_D01_P013188_B00_N04_R1:scan:29983:VLIYGASSLQ[Deamidated]SGVPSR/2
VLLTCWDPEENKMAPCEFGVLNNLANVLSQHLNQK	5|Carbamidomethyl|16|Carbamidomethyl|11|Deamidated|22|Deamidated|13|Oxidation	mzspec:PXD010154:01284_A04_P013188_B00_N25_R1:scan:53785:VLLTC[Carbamidomethyl]WDPEEN[Deamidated]KM[Oxidation]APC[Carbamidomethyl]EFGVLN[Deamidated]NLANVLSQHLNQK/4
VLPFNAETCNATVSGPDLEFSMHDGTIR	5|Deamidated|9|Carbamidomethyl	mzspec:PXD010154:01277_C03_P013129_S00_N19_R1:scan:35001:VLPFN[Deamidated]AETC[Carbamidomethyl]NATVSGPDLEFSMHDGTIR/3
VLTTGPTPSSFPR		mzspec:PXD010154:01348_H02_P013679_S00_N16_R1:scan:23122:VLTTGPTPSSFPR/3
VLWLDEIQQAVDEANVDEDR		mzspec:PXD010154:01349_H03_P013680_S00_N24_R1:scan:51121:VLWLDEIQQAVDEANVDEDR/2
VLWLDEIQQAVDEANVDEDRAK		mzspec:PXD010154:01295_A08_P013197_S00_N20_R1:scan:44517:VLWLDEIQQAVDEANVDEDRAK/3
VLWLDEIQQAVDEANVDEDRAK	8|Deamidated|9|Deamidated	mzspec:PXD010154:01086_B04_P010738_S00_N26_R2:scan:48454:VLWLDEIQ[Deamidated]Q[Deamidated]AVDEANVDEDRAK/3
VLWLDEIQQAVDEANVDEDRAK	8|Deamidated|9|Deamidated|15|Deamidated	mzspec:PXD010154:01093_C04_P010748_S00_N27_R1:scan:45161:VLWLDEIQ[Deamidated]Q[Deamidated]AVDEAN[Deamidated]VDEDRAK/3
VMFVGGPNSR		mzspec:PXD010154:01086_C01_P010738_S00_N03_R1:scan:14218:VMFVGGPNSR/2
VMFVGGPNSR	2|Oxidation	mzspec:PXD010154:01086_C01_P010738_S00_N03_R1:scan:9212:VM[Oxidation]FVGGPNSR/2
VNMFPFVGEQQSEFSSFDKNDSR		mzspec:PXD010154:01279_A03_P013163_B00_N17_R1:scan:39099:VNMFPFVGEQQSEFSSFDKNDSR/3
VPTASTTFAPTTR		mzspec:PXD010154:01276_D01_P013128_S00_N04_R1:scan:19677:VPTASTTFAPTTR/2
VQGIGWYLDEKK		mzspec:PXD010154:01226_F02_P012502_S00_N14_R1:scan:27050:VQGIGWYLDEKK/3
VTITCRASHSISTYLNWYQQKPGK	5|Carbamidomethyl	mzspec:PXD010154:01344_B01_P013675_S00_N02_R1:scan:21410:VTITC[Carbamidomethyl]RASHSISTYLNWYQQKPGK/4
VTITCRASQSISGYLNWYQQRPGK	5|Carbamidomethyl	mzspec:PXD010154:01344_B01_P013675_S00_N02_R1:scan:26860:VTITC[Carbamidomethyl]RASQSISGYLNWYQQRPGK/3
VVLINNNLGWPNGLTVDK		mzspec:PXD010154:01276_H01_P013128_S00_N08_R1:scan:42590:VVLINNNLGWPNGLTVDK/2
VYALISDAQPLLLSTFSGDR		mzspec:PXD010154:01077_H02_P010695_S00_N16_R4:scan:54120:VYALISDAQPLLLSTFSGDR/2
VYALISDAQPLLLSTFSGDR	9|Deamidated	mzspec:PXD010154:01077_H02_P010695_S00_N16_R4:scan:54165:VYALISDAQ[Deamidated]PLLLSTFSGDR/2
VYALISDAQPLLLSTFSGDRR		mzspec:PXD010154:01524_A01_P015424_S00_N01_R1:scan:35304:VYALISDAQPLLLSTFSGDRR/3
WQQLNPDAPEALQAPAQVPSLFR		mzspec:PXD010154:01284_E01_P013188_B00_N05_R1:scan:48159:WQQLNPDAPEALQAPAQVPSLFR/2
WQQLNPDAPEALQAPAQVPSLFR	13|Deamidated	mzspec:PXD010154:01093_D02_P010748_S00_N12_R1:scan:48119:WQQLNPDAPEALQ[Deamidated]APAQVPSLFR/2
WQQLNPDAPEALQAPAQVPSLFR	5|Deamidated	mzspec:PXD010154:01524_C02_P015424_S00_N11_R1:scan:47528:WQQLN[Deamidated]PDAPEALQAPAQVPSLFR/2
YFSTSVSWPGR		mzspec:PXD010154:01500_E01_P015160_S00_N05_R1:scan:30616:YFSTSVSWPGR/2
YFSTSVSWPGRGEPR		mzspec:PXD010154:01294_E01_P013197_S00_N05_R1:scan:19153:YFSTSVSWPGRGEPR/3
YIQQQKQQQQQQQQQQQQQQQQQR	15|Deamidated	mzspec:PXD010154:01697_A01_P018020_S00_N01_R2:scan:4934:YIQQQKQQQQQQQQQ[Deamidated]QQQQQQQQR/4
YVSLIYTNYEVGKDDYVK		mzspec:PXD010154:01500_G03_P015160_S00_N23_R2:scan:29752:YVSLIYTNYEVGKDDYVK/3
