seq	modifications	usi	signal_to_noise	Project
TPEVTCVVVDVSHEDPEVQFNWYVDGMEVHNAK	6|Carbamidomethyl	mzspec:PXD010154:01320_D05_P013559_S00_N36_R1:scan:53708:TPEVTC[Carbamidomethyl]VVVDVSHEDPEVQFNWYVDGMEVHNAK/3	1.194525564258936	PXD010154
DYVPMMVELLGPK	5|Oxidation|6|Oxidation	mzspec:PXD010154:01284_B01_P013188_B00_N02_R1:scan:3373:DYVPM[Oxidation]M[Oxidation]VELLGPK/2	1.1976286410939263	PXD010154
TPEVTCVVVDVSHEDPEVQFNWYVDGMEVHNAK	6|Carbamidomethyl	mzspec:PXD010154:01226_C05_P012502_S00_N35_R1:scan:30384:TPEVTC[Carbamidomethyl]VVVDVSHEDPEVQFNWYVDGMEVHNAK/3	1.2063977606597602	PXD010154
VGVVQYSHEGTFEAIQLDDEHIDSLSSFK	5|Deamidated	mzspec:PXD010154:01323_B05_P013562_S00_N34_R1:scan:35721:VGVVQ[Deamidated]YSHEGTFEAIQLDDEHIDSLSSFK/4	1.2407872245553473	PXD010154
TPEVTCVVVDVSHEDPEVQFNWYVDGMEVHNAK	6|Carbamidomethyl|21|Deamidated	mzspec:PXD010154:01276_B05_P013128_S00_N33_R1:scan:35169:TPEVTC[Carbamidomethyl]VVVDVSHEDPEVQFN[Deamidated]WYVDGMEVHNAK/3	1.2709291886944707	PXD010154
TPEVTCVVVDVSHEDPEVQFNWYVDGMEVHNAK	6|Carbamidomethyl|19|Deamidated|21|Deamidated|27|Oxidation	mzspec:PXD010154:01293_D05_P013196_S00_N36_R1:scan:43071:TPEVTC[Carbamidomethyl]VVVDVSHEDPEVQ[Deamidated]FN[Deamidated]WYVDGM[Oxidation]EVHNAK/4	1.273196317821514	PXD010154
TPEVTCVVVDVSHEDPEVQFNWYVDGMEVHNAK	6|Carbamidomethyl|21|Deamidated	mzspec:PXD010154:01226_C05_P012502_S00_N35_R1:scan:41958:TPEVTC[Carbamidomethyl]VVVDVSHEDPEVQFN[Deamidated]WYVDGMEVHNAK/4	1.28575066395018	PXD010154
TPEVTCVVVDVSHEDPEVQFNWYVDGMEVHNAK	6|Carbamidomethyl|21|Deamidated	mzspec:PXD010154:01348_A05_P013679_S00_N33_R1:scan:54411:TPEVTC[Carbamidomethyl]VVVDVSHEDPEVQFN[Deamidated]WYVDGMEVHNAK/3	1.310121442503022	PXD010154
TPEVTCVVVDVSHEDPEVQFNWYVDGMEVHNAK	6|Carbamidomethyl|27|Oxidation	mzspec:PXD010154:01320_C05_P013559_S00_N35_R1:scan:52076:TPEVTC[Carbamidomethyl]VVVDVSHEDPEVQFNWYVDGM[Oxidation]EVHNAK/3	1.3101221582166322	PXD010154
TPEVTCVVVDVSHEDPEVQFNWYVDGMEVHNAK	6|Carbamidomethyl|19|Deamidated|21|Deamidated	mzspec:PXD010154:01344_H04_P013675_S00_N32_R2:scan:51144:TPEVTC[Carbamidomethyl]VVVDVSHEDPEVQ[Deamidated]FN[Deamidated]WYVDGMEVHNAK/3	1.310493807659886	PXD010154
CQPGFHSLTEAGCRPCSCDPSGSIDECNVETGR	0|TMT6plex|1|Carbamidomethyl|13|Carbamidomethyl|16|Carbamidomethyl|18|Carbamidomethyl|27|Carbamidomethyl	mzspec:PXD016999:Instrument1_sample18_S1R16_072616_Fr04:scan:48263:[TMT6plex]-C[Carbamidomethyl]QPGFHSLTEAGC[Carbamidomethyl]RPC[Carbamidomethyl]SC[Carbamidomethyl]DPSGSIDEC[Carbamidomethyl]NVETGR/4	2.862359324858728	PXD016999
MCSADYAGLLQTFQVFILDELTAR	0|TMT6plex|1|Oxidation|2|Carbamidomethyl	mzspec:PXD016999:Instrument1_sample21_S1R19_070816_Fr12:scan:106095:[TMT6plex]-M[Oxidation]C[Carbamidomethyl]SADYAGLLQTFQVFILDELTAR/3	2.865292165577016	PXD016999
MCSADYAGLLQTFQVFILDELTAR	0|TMT6plex|2|Carbamidomethyl	mzspec:PXD016999:SecondInstrument_Sample8_S2R26_012016_Fr12:scan:96361:[TMT6plex]-MC[Carbamidomethyl]SADYAGLLQTFQVFILDELTAR/3	3.092564809362868	PXD016999
VGVVQYSHEGTFEAIQLDDEHIDSLSSFK	0|TMT6plex|29|TMT6plex	mzspec:PXD016999:Instrument1_sample21_S1R19_070816_Fr10:scan:107422:[TMT6plex]-VGVVQYSHEGTFEAIQLDDEHIDSLSSFK[TMT6plex]/4	3.321828046408047	PXD016999
GLTVFPEELIIGR	0|TMT6plex	mzspec:PXD016999:Instrument1_sample03_S1R6_072416_Fr11:scan:104284:[TMT6plex]-GLTVFPEELIIGR/2	3.357777794895478	PXD016999
TVYFAEEVQCEGDSFHK	0|TMT6plex|17|TMT6plex|10|Carbamidomethyl	mzspec:PXD016999:SecondInstrument_Sample13_S2R22_060616_Fr07:scan:78227:[TMT6plex]-TVYFAEEVQC[Carbamidomethyl]EGDSFHK[TMT6plex]/3	3.367859315054718	PXD016999
SSMSPTTNVLLSPLSVATALSALSLGAEQR	0|TMT6plex|3|Oxidation	mzspec:PXD016999:Instrument1_sample19_S1R17_072916_Fr12:scan:103935:[TMT6plex]-SSM[Oxidation]SPTTNVLLSPLSVATALSALSLGAEQR/3	3.4713384970171104	PXD016999
TVYFAEEVQCEGDSFHK	0|TMT6plex|17|TMT6plex|10|Carbamidomethyl	mzspec:PXD016999:Instrument1_sample03_S1R6_072416_Fr06:scan:81150:[TMT6plex]-TVYFAEEVQC[Carbamidomethyl]EGDSFHK[TMT6plex]/3	3.507146126988624	PXD016999
ILGEVINALK	0|TMT6plex|10|TMT6plex	mzspec:PXD016999:SecondInstrument_Sample16_S2R12_031116_Fr12:scan:96572:[TMT6plex]-ILGEVINALK[TMT6plex]/2	3.510324475635799	PXD016999
GTAAAAAAAAAAAAK	0|TMT6plex|15|TMT6plex	mzspec:PXD016999:Instrument1_sample19_S1R17_072916_Fr12:scan:38805:[TMT6plex]-GTAAAAAAAAAAAAK[TMT6plex]/2	3.511297555888074	PXD016999
