protein_seq	peptides
MGKVRGLRARVHQAAVRPKGEAAPGPAPPAPEATLPPASAAGKDWAFINTNIFARTKIDPSALVQKLELDVRSVTSVRRGAEAKTVLPKKEKMKLRREQWLQKIEAIKLAEQKHREERRRRATVVVGDLHPLRDALPELLGLEAGIRRQARSRESNKPRPSELSRMSAAQRQQLLEEERTRFQELLASPAYRASPLLAIGQTLARQMQLEDGGQL	DALPELLGLEAGIR,ASPLLAIGQTLAR
MGKVRGLRARVHQAAVRPKGEAAPGPAPPAPEATPPPASAAGKDWAFINTNIFARTKIDPSALVQKLELDVRSVTSVRRGEAGSSARSVPSIRRGAEAKTVLPKKEKMKLRREQWLQKIEAIKLAEQKHREERRRRATVVVGDLHPLRDALPELLGLEAGIRRQARSRESNKPRPSELSRMSAAQRQQLLEEERTRFQELLASPAYRASPLLAIGQTLARQMQLEDGGQL	DALPELLGLEAGIR,ASPLLAIGQTLAR
MGKVRGLRARVHQAAVRPKGEAAPGPAPPAPEATPPPASAAGKDWAFINTNIFARTKIDPSALVQKLELDVRSVTSVRRGAEAKTVLPKKEKMKLRREQWLQKIEAIKLAEQKHREERRRRATVVVGDLHPLRDALPELLGLEAGIRRQARSRESNKPRPSELSRMSAAQRQQLLEEERTRFQELLASPAYRASPLLAIGQTLARQMQLEDGGQL	DALPELLGLEAGIR,ASPLLAIGQTLAR
MGKVRGLRARVHQAAVRPKGEAAPGPAPPAPEATLPPASAAGKDWAFINTNIFARTKIDPSALVQKLELDVRSVTSVRRGEAGSSARSVPSIRRGAEAKTVLPKKEKMKLRREQWLQKIEAIKLAEQKHREERRRRATVVVGDLHPLRDALPELLGLEAGIRRQARSRESNKPRPSELSRMSAAQRQQLLEEERTRFQELLASPAYRASPLLAIGQTLARQMQLEDGGQL	DALPELLGLEAGIR,ASPLLAIGQTLAR
MDWTWRILFLVAAATGAHSQVQLVQSGAEVKKPGASVKVSCKASGYTYTDYYMHWVRQAPGQGLEWMGWINPNSGGTNYAQKFQGRVTMTRDTSISTAYMDLSRLRSDDTAVYYCAR	DTSISTAYMDLSR,ASGYTYTDYYMHWVR
MSTSSLRRQMKNIVHNYSEAEIKVREATSNDPWGPSSSLMSEIADLTYNVVAFSEIMSMIWKRLNDHGKNWRHVYKAMTLMEYLIKTGSERVSQQCKENMYAVQTLKDFQYVDRDGKDQGVNVREKAKQLVALLRDEDRLREERAHALKTKEKLAQTATASSAAVGSGPPPEAEQAWPQSSGEEELQLQLALAMSKEEADQEERIRRGDDLRLQMAIEESKRETGGKEESSLMDLADVFTAPAPAPTTDPWGGPAPMAAAVPTAAPTSDPWGGPPVPPAADPWGGPAPTPASGDPWRPAAPAGPSVDPWGGTPAPAAGEGPTPDPWGSSDGGVPVSGPSASDPWTPAPAFSDPWGGSPAKPSTNGTTAGGFDTEPDEFSDFDRLRTALPTSGSSAGELELLAGEVPARSPGAFDMSGVRGSLAEAVGSPPPAATPTPTPPTRKTPESFLGPNAALVDLDSLVSRPGPTLPGAKASNPFLPGGGPATGPSVTNPFQPAPPATLTLNQLRLSPVPPVPGAPPTYISPLGGGPGLPPMMPPGPPAPNTNPFLL	KTPESFLGPNAALVDLDSLVSRPGPTLPGAK,TPESFLGPNAALVDLDSLVSRPGPTLPGAK
MSTSSLRRQMKNIVHNYSEAEIKVREATSNDPWGPSSSLMSEIADLTYNVVAFSEIMSMIWKRLNDHGKNWRHVYKAMTLMEYLIKTGSERVSQQCKENMYAVQTLKDFQYVDRDGKDQGVNVREKAKQLVALLRDEDRLREERAHALKTKEKLAQTATASSAAVGSGPPPEAEQAWPQSSGEEELQLQLALAMSKEEADQPPSCGPEDDAQLQLALSLSREEHDKEERIRRGDDLRLQMAIEESKRETGGKEESSLMDLADVFTAPAPAPTTDPWGGPAPMAAAVPTAAPTSDPWGGPPVPPAADPWGGPAPTPASGDPWRPAAPAGPSVDPWGGTPAPAAGEGPTPDPWGSSDGGVPVSGPSASDPWTPAPAFSDPWGGSPAKPSTNGTTAAGGFDTEPDEFSDFDRLRTALPTSGSSAGELELLAGEVPARSPGAFDMSGVRGSLAEAVGSPPPAATPTPTPPTRKTPESFLGPNAALVDLDSLVSRPGPTLPGAKASNPFLPGGGPATGPSVTNPFQPAPPATLTLNQLRLSPVPPVPGAPPTYISPLGGGPGLPPMMPPGPPAPNTNPFLL	KTPESFLGPNAALVDLDSLVSRPGPTLPGAK,TPESFLGPNAALVDLDSLVSRPGPTLPGAK
MGDQSWLWNQAAPGVRSPVFACSVEKGNVPLVLSEHLAHSRDPGSGAVRFLISPEPWASAILGTSGLLASPVLPAALDAVTCQHLPQPSSGSRPISPRIGALCPLLLQPGTMSTSSLRRQMKNIVHNYSEAEIKVREATSNDPWGPSSSLMSEIADLTYNVVAFSEIMSMIWKRLNDHGKNWRHVYKAMTLMEYLIKTGSERVSQQCKENMYAVQTLKDFQYVDRDGKDQGVNVREKAKQLVALLRDEDRLREERAHALKTKEKLAQTATASSAAVGSGPPPEAEQAWPQSSGEEELQLQLALAMSKEEADQEERIRRGDDLRLQMAIEESKRETGGKEESSLMDLADVFTAPAPAPTTDPWGGPAPMAAAVPTAAPTSDPWGGPPVPPAADPWGGPAPTPASGDPWRPAAPAGPSVDPWGGTPAPAAGEGPTPDPWGSSDGGVPVSGPSASDPWTPAPAFSDPWGGSPAKPSTNGTTAAGGFDTEPDEFSDFDRLRTALPTSGSSAGELELLAGEVPARSPGAFDMSGVRGSLAEAVGSPPPAATPTPTPPTRKTPESFLGPNAALVDLDSLVSRPGPTLPGAKASNPFLPGGGPATGPSVTNPFQPAPPATLTLNQLRLSPVPPVPGAPPTYISPLGGGPGLPPMMPPGPPAPNTNPFLL	KTPESFLGPNAALVDLDSLVSRPGPTLPGAK,TPESFLGPNAALVDLDSLVSRPGPTLPGAK
MVFRRFVEVGRVAYVSFGPHAGKLVAIVDVIDQNRALVDGPCTQVRRQAMPFKCMQLTDFILKFPHSAHQKYVRQAWQKADINTKWAATRWAKKIEARERKAKMTDFDRFKVMKAKKMRNRIIKNEVKKLQKAALLKASPKKAPGTKGTAAAAAAAAAAAAAAAKVPAKKITAASKKAPAQKVPAQKATGQKAAPAPKAQKGQKAPAQKAPAPKASGKKA	KAPGTKGTAAAAAAAAAAAAAAAK,GTAAAAAAAAAAAAAAAK,GTAAAAAAAAAAAAAAAKVPAKK
MGCHSSKSTTVAAESQKLEEECEGREPGLETGTQAADCKDAPLKDGTPEPKS	LEEECEGREPGLETGTQAADCKDAPLK,LEEECEGREPGLETGTQAADCK
MKLLTGLVFCSLVLGVSSRSFFSFLGEAFDGARDMWRAYSDMREANYIGSDKYFHARGNYDAAKRGPGGVWAAEAISDARENIQRFFGHGAEDSLADQAANEWGRSGRDPNHFRPAGLPEKY	GNYDAAKRGPGGVWAAEAISDAR,GPGGVWAAEAISDARENIQR,RGPGGVWAAEAISDARENIQR,GPGGVWAAEAISDAR,RGPGGVWAAEAISDAR
MKLLTGLVFCSLVLGVSSRSFFSFLGEAFDGARDMWRAYSDMREANYIGSDKYFHARGNYDAAKRGPGGVWAAEAISDARENIQRFFGHGAEDSLADQAANEWGRSGKDPNHFRPAGLPEKY	GNYDAAKRGPGGVWAAEAISDAR,GPGGVWAAEAISDARENIQR,RGPGGVWAAEAISDARENIQR,GPGGVWAAEAISDAR,RGPGGVWAAEAISDAR
MKLLTGLVFCSLVLGVSSRSFFSFLGEAFDGARDMWRAYSDMREANYIGSDKYFHARGNYDAAKRGPGGVWAAEAISDARENIQRFFGHGAEDSLADQAANEWGRSGDPNHFRPAGLPEKY	GNYDAAKRGPGGVWAAEAISDAR,GPGGVWAAEAISDARENIQR,RGPGGVWAAEAISDARENIQR,GPGGVWAAEAISDAR,RGPGGVWAAEAISDAR
MKLLTGLVFCSLVLGVSSRSFFSFLGEAFDGARDMWRAYSDMREANYIGSDKYFHARGNYDAAKRGPGGVWAAEAISDARENIQRFFGHGAEDSLADQAANEWGRSGKDPNHFRPAGLPERY	GNYDAAKRGPGGVWAAEAISDAR,GPGGVWAAEAISDARENIQR,RGPGGVWAAEAISDARENIQR,GPGGVWAAEAISDAR,RGPGGVWAAEAISDAR
MEFGLSWVFLVALLRGVQCQVQLVESGGGVVQPGRSLRLSCAASGFTFSTYGMHWVRQAPGKGLEWVTIISYDGSIQYYADSVKGRFTISRDNSKNTLYLQMNSLRAEDTAVYFCAK	AEDTAVYFCAK,LSCAASGFTFSTYGMHWVR
MSLRNLWRDYKVLVVMVPLVGLIHLGWYRIKSSPVFQIPKNDNIPEQDSLGLSNLQKSQIQGK	SSPVFQIPKNDNIPEQDSLGLSNLQK,NDNIPEQDSLGLSNLQK
MELGLSWIFLLAILKGVQCEVQLVESGGGLVQPGRSLRLSCAASGFTFDDYAMHWVRQAPGKGLEWVSGISWNSGSIGYADSVKGRFTISRDNAKNSLYLQMNSLRAEDMALYYCAK	AEDMALYYCAK,GLEWVSGISWNSGSIGYADSVK
AILKGVQCEVQLVESAGGLVQPGGSLRLSCAASGFTCSNAWMSWVRQAPGKGLEWVGCIKSKANGGTTDYAAPVKGRFTISRVDSKNTLYLQMNSLKTEDTAVYYCTTGGGV	ANGGTTDYAAPVK,SKANGGTTDYAAPVK
AILKGVQCEVQLVESAGGLVQPGGSLRLSCAASGFTCSNAWMSWVRQAPGKGLEWVGRIKSKANGGTTDYAAPVKGRFTISRVDSKNTLYLQMNSLKTEDTAVYYCTTGGGV	ANGGTTDYAAPVK,SKANGGTTDYAAPVK
MTPGTQSPFFLLLLLTVLTVVTGSGHASSTPGGEKETSATQRSSVPSSTEKNAVSMTSSVLSSHSPGSGSSTTQGQDVTLAPATEPASGSAATWGQDVTSVPVTRPALGSTTPPAHDVTSAPDNKPAPGSTAPPAHGVTSAPDTRPAPGSTAPQAHGVTSAPDTRPAPGSTAPPAHGVTSAPDTRPAPGSTAPPAHGVTSAPDTRPAPGSTAPAAHGVTSAPDTRPAPGSTAPQAHGVTSAPDTRPAPGSTAPPAHGVTSAPDTRPAPGSTAPPAHGVTSAPDTRPAPGSTAPPAHGVTSAPESRPAPGSTAPPAHGVTSAPDTRPAPGSTAPPAHGVTSAPDTRPAPGSTAPPAHGVTSAPDTRPAPGSTAPPAHGVTSAPDTRPAPGSTAPPAHGVTSAPDTRPAPGSTAPPSPRCHLGPGHQAGPGLHRPPSPRCHLGPGHQAGPGLHRPPSPRCHLGPGHQAGPGLHRPPSPRCHLGPGEQAGPGLHRARSPRCHLGPGEQAGPGLHRARSPRCHLGPGHQAGPGLHRPPSPRCHLGPGHQAGPGLHRPPSPRCHLGPGHQAGPGLHRPPSPRCHLGPGEQAGPGLHRPPSPRCHLGPGHQAGPGLHRPPSPRCHLGPGHQAGPGLHRPPSPRCHLGPGEQAGPGLHRARSPRCHLGPGEQAGPGLHRARSPRCHLGPGEQAGPGLHRPPSPRCHLGPGHQAGPGLHRPPSPRCHLGPGHQAGPGLHRPPSPRCHLGPGHQAGPGLHRPPSPRCHLGPGHQAGPGLHRPPSPRCHLGPGHQAGPGLHRPPSPRCHLGPGEQAGPGLHRARSPRCHLGPGEQAGPGLHRARSPRCHLGPGEQAGPGLHRPPSPRCHLGPGHQAGPGLHRPPSPRCHLGPGHQAGPGLHRPPSPRCHLGPGHQAGPGLHRPPSPRCHLGPGHQAGPGLHRPPSPRCHLGPGHQAGPGLHRPPSPRCHLGPGHQAGPAGSTAPPAHGVTSAPDTRPAPGSTAPPAHGVTSAPDTRPAPGSTAPPAHGVTSAPDTRPAPGSTAPPAHGVTSAPDTRPAPGSTAPPAHGVTSAPDTRPAPGSTAPPAHGVTSAPDTRRAPGSTPAPGSTAPPAHGVTSAPDTRPAPGSTAPPAHGVTSAPDNRPALGSTAPPVHNVTSASGSASGSASTLVHNGTSARATTTPASKSTPFSIPSHHSDTPTTLASHSTKTDASSTHHSTVPPLTSSNHSTSPQLSTGVSFFFLSFHISNLQFNSSLEDPSTDYYQELQRDISEMFLQIYKQGGFLGLSNIKFRPGSVVVQLTLAFREGTINVHDVETQFNQYKTEAASRYNLTISDVSVSDVPFPFSAQSGAGVPGWGIALLVLVCVLVALAIVYLIALAVCQCRRKNYGQLDIFPARDTYHPMSEYPTYHTHGRYVPPSSTDRSPYEKVSAGNGGSSLSYTNPAVAATSANL	CHLGPGEQAGPGLHR,CHLGPGHQAGPGLHRPPSPR
MTPGTQSPFFLLLLLTVLTVVTGSGHASSTPGGEKETSATQRSSVPSSTEKNAVSMTSSVLSSHSPGSGSSTTQGQDVTLAPATEPASGSAATWGQDVTSVPVTRPALGSTTPPAHDVTSAPDNKPAPGSTAPPAHGVTLAPDTRPAPGSTAPQAHGVTSAPDTRPAPGSTAPPSPRCHLGPGHQARPGLHRPPQPTVSPRPRTPGPPRAPPRPQPTVSPRPRTPGRPRAPPPPKPTVSPRPRTPGRPRAPPPPQPTVSPRPRTPGRPRAPPPPPAHGVTSAPDTRPAPGSTAPPSPRCHLGPGEQAGPGLHRPPQPTVSPRPRTPGPAPGSTAPPSPRCHLGPGHQARPGLHRARSPRCHLGPGHQAGPGLHRPPSPRCHLGPGHQAGPGLHRPPQPTVSPRPRTPGRPWAPPPPQPTVSPRPWRAGRPRAPPPPPAHGVTSAPDTRPAPGSTAPPSPRCHLGPGHQARPGLHRARSPRCHLGPGHQAGPGLHRPPQPTVSPRPRRAGRPRAPPRPQPTVSPRPRRAGRPRAPPRPQPTVSPRPRRAGRPRAPPPPQPTVSPRPRTPGPPQAPPPPPAHGVTSAPDTRPAPGSTAPAAHGVTSAPDTRPAPGSTAPQAHGVTSAPDTRPAPGSTAPPAHGVTSAPDTRPAPGSTAPPSPRCHLGPGHQAGPGLHRPPSPRCHLGPGEQAGPGLHRAPQPTVSPRPRRAGRPRAPPRPQPTVSPRPRRAGRPRAPPPPQPTVSPRPRTPGRPRAPPPPPAHGVTSAPDTRPAPGSTAPPSPRCHLGPGHQAGPGLHRPPQPTVSPRPRTPGRPRAPPPPQPTVSPRPRTPGRPRAPPPPQPTVSPRPRTPGRPRGLHRPPQPTVSPRPRTPGRPRAPPPPPAHGVTSAPDTRPAPGSTAPPSPRCHLGPGHQAGPGLHRPPSPRCHLGPGHQAGPGLHRTPSPRCHLGPGHQAGPGLHPGPGLHRPPQPTVSPRPRTPGRPRAPPPPQPMVSPRPRTTGPPWAPPPLQSTMSPRPQALHQAQLLLWCTTAPLPGLPQPQPARALHSQFPATTLILLPPLPAIAPRLMPVALTIARYLLSPPPITALLPSCLLGSLSFSCLFTFQTSSLIPLWKIPAPTTTKSCRETFLKCFCRFINKGVFWASPILSSGQDLWWYNLWPSEKVPSMSTTWRHSSISIKRKQPLDITRSQTSAVMCHFLSLPSLGLGCQAGASRCWCWSVFWLRWPLSISLPWLSVSAAERTTGSWTSFQPGIPTILASTPPTTPMGAMCPLAVPIVAPMRRFLQVMVAAASLTQTQQWQPLLPTC	CHLGPGEQAGPGLHR,CHLGPGHQAGPGLHRPPSPR
MTPGTQSPFFLLLLLTVLTVVTGSGHASSTPGGEKETSATQRSSVPSSTEKNAVSMTSSVLSSHSPGSGSSTTQGQDVTLAPATEPASGSAATWGQDVTSVPVTRPALGSTTPPAHDVTSAPDNKPAPGSTAPPAHGVTSAPDTRPAPGSTAPQAHGVTSAPDTRPAPGSTAPPSPRCHLGPGHQARPGLHRPPSPRCHLGPGHQARPGLHRARSPRCHLGPGHQAGPGLHRPPSPRCHLGPGHQAGPGLHRPPSPRCHLGPGHQAGPGLHRPPSPRCHLGPGHQAGPGLHRPPSPRCHLGPGHQAGPGLHRARSPRCHLGPGEQAGPGLHRPPQPTVSPRPRTPGRPRAPPRPQPTVSPRPRRAGRPRAPPPPQPTVSPRPRTPGPPRAPPPPPAHGVTSAPDTRPAPGSTAPAAHGVTSAPDTRPAPGSTAPQAHGVTSAPDTRPAPGSTAPPSPRCHLGPGHQAGPGLHRPPSPRCHLGPGHQAGPGLHRPPSPRCHLGPGHQAGPGLHRPPSPRCHLGPGHQAGPGLHRPPSPRCHLGPGHQAGPGLHRPPSPRCHLGPGHQAGPGLHRPPSPRCHLGPGHQAGPGLHRPPSPRCHLGPGHQAGPGLHRPPQPTVSPRPRTPGRPRAPPPPPAHGVTSAPDTRPAPGSTAPPSPRCHLGPGHQAGPGLHRPPSPRCHLGPGEQAGPGLHRARSPRCHLGPGEQAGPGLHRPPSPRCHLGPGHQAGPAGSTAPPAHGVTSAPDTRPAPGSTAPPAHGVTSAPDTRPAPGSTAPPSPRCHLGPGHQAGPGLHRPPSPRCHLGPGHQAGPGLHRTPSPRCHLGPGHQAGPGLHPGPGLHRPPSPRCHLGPGHQAGPGLHRPPSPWCHLGPGQQARLGLHRPSSPQCHLGLRLCIRLSFYSGAQRHLCQGYHNPSQQEHSILNSQPPLYSYHPCQPHQDCQHSPHGTSSHLLQSQHFSPVVYWGLFLFPVFSHFKPPVFLSGRSQHRLLPRAAERHFNVFADLTRGFSGPLQYVQARICGGTIDSGLPRRYHQCPRRGDTVQSVNGSSLSIPDDLRRQRECAISFLCPVWGWGARLGHRAAGAGLCSGCAGHCLSHCLGCLSVPPKELRAAGHLSSPGYLPSYERVPHLPHPWALCAPQYRSPLEGFCRWWQQPLLHKPSSGSHFCQLV	CHLGPGEQAGPGLHR,CHLGPGHQAGPGLHRPPSPR
MTPGTQSPFFLLLLLTVLTVVTGSGHASSTPGGEKETSATQRSSVPSSTEKNAVSMTSSVLSSHSPGSGSSTTQGQDVTLAPATEPASGSAATWGQDVTSVPVTRPALGSTTPPAHDVTSAPDNKPAPGSTAPPAHGVTSAPDTRPAPGSTAPQAHGVTSAPDTRPAPGSTAPPAHGVTSAPDTRPAPGSTAPPAHGVTSAPDTRPAPGSTAPAAHGVTSAPDTRPAPGSTAPQAHGVTSAPDTRPAPGSTAPPAHGVTSAPDTRPAPGSTAPPAHGVTSAPDTRPAPGSTAPPAHGVTSAPESRPAPGSTAPAAHGVTSAPESRPAPGSTAPAAHGVTSAPDTRPAPGSTAPPAHGVTSAPDTRPAPGSTAPPAHGVTSAPDTRPAPGSTAPPAHGVTSAPDTRPAPGSTAPPAHGVTSAPDTRPAPGSTAPPAHGVTSAPDTRPAPGSTAPPDTRPAPGSTAPPSPRCHLGPGHQARPGLHRARSPRCHLGPGHQAGPGLHRPPSPRCHLGPGEQAGPGLHRPPSPRCHLGPGHQAGPGLHRPPSPRCHLGPGHQAGPGLHRPPSPRCHLGPGHQAGPGLHRPPSPRCHLGPGHQAGPGLHRPPSPRCHLGPGHQAGPGLHRPPQPTVSPRPRTPGRPRAPPPPQPTVSPRPRTPGRPRAPPPPQPTVSPRPRTPGRPRAPPPPQPTVSPRPRTPGRPRAPPRPQPTVSPRPRTPGRPRAPPPPQPTVSPRPRRAGRPRAPPRPQPTVSPRHRRAGRPRAPPRPQPTVSPRPRRAGRPRAPPPPQPTVSPRPRTPGRPRAPPPPQPTVSPRPRTPGRPRGLHRPPSPRCHLGPGHQAGPGLHRPPSPRCHLGPGHQAGPGLHRPPSPRCHLGPGHQAGPGLHRPPSPRCHLGPGHQAGPGLHRTPSPRCHLGPGHQAGPGLHPGPGLHRPPSPRCHLGPGHQAGPGLHRPPSPWCHLGPGQQARLGLHRPSSPQCHLGLRLCIRLSFYSGAQRHLCQGYHNPSQQEHSILNSQPPLYSYHPCQPHQDCQHSPHGTSSHLLQSQHFSPVVYWGLFLFPVFSHFKPPVFLSGRSQHRLLPRAAERHFNVFADLTRGFSGPLQYVQARICGGTIDSGLPRRYHQCPRRGDTVQSVNGSSLSIPDDLRRQRECAISFLCPVWGWGARLGHRAAGAGLCSGCAGHCLSHCLGCLSVPPKELRAAGHLSSPGYLPSYERVPHLPHPWALCAPQYRSPLEGFCRWWQQPLLHKPSSGSHFCQLV	PAPGSTAPAAHGVTSAPESR,CHLGPGEQAGPGLHR,CHLGPGHQAGPGLHRPPSPR
MTPGTQSPFFLLLLLTVLTVVTGSGHASSTPGGEKETSATQRSSVPSSTEKNAVSMTSSVLSSHSPGSGSSTTQGQDVTLAPATEPASGSAATWGQDVTSVPVTRPALGSTTPPAHDVTSAPDNKPAPGSTAPPAHGVTSAPDTRPAPGSTAPQAHGVTSAPDTRPAPGSTAPPAHGVTSAPDTRPAPGSTAPPSPRCHLGPGHQARPGLHRARSPRCHLGPGHQAGPGLHRPPSPRCHLGPGHQAGPGLHRPHSPRCHLGPGHQAGPGLHRPPSPRCHLGPGHQAGPGLHRPPSPRCHLGPGEQAGPGLHRARSPRCHLGPGEQAGPGLHRPPQPTVSPRPRTPGPPRAPPPPPAHGVTSAPDTRPAPGSTAPAAHGVTSAPDTRPAPGSTAPQAHGVTSAPDTRPAPGSTAPPSPRCHLGPGHQAGPGLHRPPSPRCHLGPGHQAGPGLHRPPSAGPGLHRPPSPRCHLGPGHQAGPGLHRPPSPRCHLGPGHQAGPGLHRPPQPTVSPRPRTPGRPRAPPPPPAHGVTSAPDTRPAPGSTAPPAHGVTSAPDTRPAPGSTAPPAHGVTSAPDTRPAPGSTAPAAHGVTSAPESRPAPGSTAPAAHGVTSAPESRPAPGSTAPPSPRCHLGPGHQAGPGLHRPPSPRCHLGPGHQAGPGLHRPPSPRCHLGPGHQAGPGLHRPPSPRCHLGPGHQAGPGLHRPPSPRCHLGPGHQAGPAPQPTVSPRPRTPGRPRAPPPPPAHGVTSAPDTRPAPGSTAPPAHGVTSAPDTRPAPGSTPAPGSTAPPAHGVTSAPDTRPAPGSTAPPSPWCHLGPGQQARLGLHRPSSPQCHLGLRLCIRLSFYSGAQRHLCQGYHNPSQQEHSILNSQPPLYSYHPCQPHQDCQHSPHGTSSHLLQSQHFSPVVYWGLFLFPVFSHFKPPVFLSGRSQHRLLPRAAERHFNVFADLTRGFSGPLQYVQARICGGTIDSGLPRRYHQCPRRGDTVQSVNGSSLSIPDDLRRQRECAISFLCPVWGWGARLGHRAAGAGLCSGCAGHCLSHCLGCLSVPPKELRAAGHLSSPGYLPSYERVPHLPHPWALCAPQYRSPLEGFCRWWQQPLLHKPSSGSHFCQLV	PAPGSTAPAAHGVTSAPESR,CHLGPGEQAGPGLHR,CHLGPGHQAGPGLHRPPSPR
MTPGTQSPFFLLLLLTVLTVVTGSGHASSTPGGEKETSATQRSSVPSSTEKNAVSMTSSVLSSHSPGSGSSTTQGQDVTLAPATEPASGSAATWGQDVTSVPVTRPALGSTTPPAHDVTSAPDNKPAPGSTAPPAHGVTSAPDTRPAPGSTAPQAHGVTSAPDTRPAPGSTAPPAHGVTSAPDTRPAPGSTAPPSPRCHLGPGHQARPGLHRARSPRCHLGPGHQAGPGLHRPPSPRCHLGPGHQAGPGLHRPPSPRCHLSPGHQAGPGLHRRPSPRCHLGPGHQAGPGLHRPPSPRCHLGPGEQAGPGLHRARSPRCHLGPGEQAGPGLHRPPSPRCHLGPGHQARPGLHRPPSPRCHLGPGHQARPGLHRARSPRCHLGPGHQAGPGLHRPPSPRCHLGPGHQAGPGLHRPPQPTVSPRPRTPGRPRAPPRPQPTVSPRPRRAGRPRAPPPPPAHGVTSAPDTRPAPGSTAPPAHGVTSAPDTRPAPGSTAPPSPRCHLGPGHQAGPGLHRPPSPRCHLGPGHQAGPGLHRPPQPTVSPRPRTPGRPRAPPPPQPTVSPRPRTPGRPRAPPPPQPTVSPRPRTPGPPRAPPRPQPTVSPRPRTPGRPRAPPPPKPTVSPRPRTPGRPRAPPPPQPTVSPRPRTPGRPRAPPPPPAHGVTSAPESRPAPGSTAPPAHGVTSAPESRPAPGSTAPAAHGVTSAPESRPAPGSTAPAAHGVTSAPESRPAPGSTAPPAHGVTSAPDTRPAPGSTAPPAHGVTSAPDTRPAPGSTAPPAHGVTSAPDTRPAPGSTAPPSPRCHLGPGHQAGPGLHRPPSPRCHLGPGHQAGPAPQPTVSPRPRTPGRPRAPPPPQPTVSPRPRTPGRPRAPPPPQPTVSPRPRTPGRPRAPPPPQPTVSPRPRTPGRPRAPPPPQPTVSPRPRTPGRPRAPPRPRAPPPPQPTVSPRPRTPGRPRAPPPPPAHGVTSAPDNRPALGSTAPPVHNVTSASGSASGSASTLVHNGTSARATTTPASKSTPFSIPSHHSDTPTTLASHSTKTDASSTHHSTVPPLTSSNHSTSPQLSTGVSFFFLSFHISNLQFNSSLEDPSTDYYQELQRDISEMFLQIYKQGGFLGLSNIKFRPGSVVVQLTLAFREGTINVHDVETQFNQYKTEAASRYNLTISDVSVSDVPFPFSAQSGAGVPGWGIALLVLVCVLVALAIVYLIALAVCQCRRKNYGQLDIFPARDTYHPMSEYPTYHTHGRYVPPSSTDRSPYEKVSAGNGGSSLSYTNPAVAATSANL	PAPGSTAPAAHGVTSAPESR,CHLGPGEQAGPGLHR,CHLGPGHQAGPGLHRPPSPR
MTPGTQSPFFLLLLLTVLTVVTGSGHASSTPGGEKETSATQRSSVPSSTEKNAVSMTSSVLSSHSPGSGSSTTQGQDVTLAPATEPASGSAATWGQDVTSVPVTRPALGSTTPPAHDVTSAPDNKPAPGSTAPPAHGVTSAPDTRPAPGSTAPQAHGVTSAPDTRPAPGSTAPPAHGVTSAPDTRPAPGSTAPPAHGVTSAPDTRPAPGSTAPAAHGVTSAPDTRPAPGSTAPQAHGVTSAPDTRPAPGSTAPPAHGVTSAPDTRPAPGSTAPPAHGVTSAPDTRPAPGSTAPPAHGVTSAPESRPAPGSTAPAAHGVTSAPESRPAPGSTAPAAHGVTSAPDTRPAPGSTAPPSPRCHLGPGHQAGPGLHRPPSPRCHLGPGHQAGPGLHRPPQPTVSPRPRTPGRPRAPPPPPAHGVTSAPESRPAPGSTAPAAHGVTSAPESRPAPGSTAPAAHGVTSAPESRPAPGSTAPAAHGVTSAPDTRPAPGSTAPPSPRCHLGPGHQAGPGLHRPPSPRCHLGPGEQAGPGLHRARSPRCHLGPGEQAGPGLHRARSPRCHLGPGHQAGPGLHRPPSPRCHLGPGHQRAPPPPPAHGVTSAPDTRPAPGSTAPPAHGVTSAPDTRPAPGSTAPPAHGVTSAPDTRPAPGSTAPPAHGVTSAPDTRPAPGSTAPPAHGVTSAPDTRPAPGSTAPPAHGVTSAPDTRRAPGSTPAPGSTAPPAHGVTSAPDTRPAPGSTAPPAHGVTSAPDNRPALGSTAPPVHNVTSASGSASGSASTLVHNGTSARATTTPASKSTPFSIPSHHSDTPTTLASHSTKTDASSTHHSTVPPLTSSNHSTSPQLSTGVSFFFLSFHISNLQFNSSLEDPSTDYYQELQRDISEMFLQIYKQGGFLGLSNIKFRPGSVVVQLTLAFREGTINVHDVETQFNQYKTEAASRYNLTISDVSVSDVPFPFSAQSGAGVPGWGIALLVLVCVLVALAIVYLIALAVCQCRRKNYGQLDIFPARDTYHPMSEYPTYHTHGRYVPPSSTDRSPYEKVSAGNGGSSLSYTNPAVAATSANL	PAPGSTAPAAHGVTSAPESR,CHLGPGEQAGPGLHR,CHLGPGHQAGPGLHRPPSPR
MTPGTQSPFFLLLLLTVLTVVTGSGHASSTPGGEKETSATQRSSVPSSTEKNAVSMTSSVLSSHSPGSGSSTTQGQDVTLAPATEPASGSAATWGQDVTSVPVTRPALGSTTPPAHDVTSAPDNKPAPGSTAPPAHGVTSAPDTRPAPGSTAPQAHGVTSAPDTRPAPGSTAPPAHGVTSAPDTRPAPGSTAPPAHGVTSAPDTRPAPGSTAPAAHGVTSAPDTRPAPGSTAPQAHGVTSAPDTRPAPGSTAPTAHGVTSAPDTRPAPGSTAPPAHGVTSAPDTRPAPGSTAPPAHGVTSAPESRPAPGSTAPAAHGVTSAPESRPAPGSTAPPAHGVTSAPDTRPAPGSTAPPAHGVTSAPDTRPAPGSTAPAAHGVTSAPDTRPAPGSTAPQAHGVTSAPDTRPAPGSTAPPAHGVTSAPDTRPAPGSTAPPAHGVTSAPDTRPAPGSTAPPAHGVTSAPESRPAPGSTAPAAHGVTSAPESRPAPGSTAPAAHGVTSAPESRPAPGSTAPPAHGVTSAPDTRPAPGSTAPPAHGVTSAPDTRPAPGSTAPPSPRCHLGPGHQAGPGLHRPPSPRCHLGPGHQAGPGLHRPPSPRCHLGPGHQAGPGLHRPPSPRCHLGPGHQAGPGLHRARSPRCHLGPGEQAGPGLHRARSPRCHLGPGEQAGPGLHRPPSPRCHLGPGHQAGPGLHRPPSPRCHLGPGHQAGPGLHRPPSPRCHLGPGHQAGPGLHRPPSPRCHLGPGHQAGPGLHRPPSPRCHLGPGHQAGPGLHRPPQPTVSPRPRTPGRPRAPPPPQPTVSPRPRTPGRPRAPPHPQPTVSPRPRTPGRPRAPPRPRAPPPPQPTVSPRPRTPGRPRAPPPPQPMVSPRPRTTGPPWAPPPLQSTMSPRPQALHQAQLLLWCTTAPLPGLPQPQPARALHSQFPATTLILLPPLPAIAPRLMPVALTIARYLLSPPPITALLPSCLLGSLSFSCLFTFQTSSLIPLWKIPAPTTTKSCRETFLKCFCRFINKGVFWASPILSSGQDLWWYNLWPSEKVPSMSTTWRHSSISIKRKQPLDITRSQTSAVMCHFLSLPSLGLGCQAGASRCWCWSVFWLRWPLSISLPWLSVSAAERTTGSWTSFQPGIPTILASTPPTTPMGAMCPLAVPIVAPMRRFLQVMVAAASLTQTQQWQPLLPTC	PAPGSTAPAAHGVTSAPESR,CHLGPGEQAGPGLHR,CHLGPGHQAGPGLHRPPSPR
MTPGTQSPFFLLLLLTVLTVVTGSGHASSTPGGEKETSATQRSSVPSSTEKNAVSMTSSVLSSHSPGSGSSTTQGQDVTLAPATEPASGSAATWGQDVTSVPVTRPALGSTTPPAHDVTSAPDNKPAPGSTAPPAHGVTSAPDTRPAPGSTAPQAHGVTSAPDTRPAPGSTAPPAHGVTSAPDTRPAPGSTAPPAHGVTSAPDTRPAPGSTAPAAHGVTSAPDTRPAPGSTAPQAHGVTSAPDTRPAPGSTAPPAHGVTSAPDTRPAPGSTAPPAHGVTSAPDTRPAPGSTAPPAHGVTSAPESRPAPGSTAPPAHGVTSAPDTRPAPGSTAPPAHGVTSAPDTRPAPGSTAPPAHGVTSAPDTRPAPGSTAPPAHGVTSAPDTRPAPGSTAPPAHGVTSAPDTRPAPGSTAPPAHGVTSAPDTRPAPGSTAPPAHGVTSAPDTRPAPGSTAPPAHGVTSAPDTRPAPGSTAPPAHGVTSAPDTRPAPGSTAPPAHGVTSAPDTRPAPGSTAPPAHGVTSAPDTRPAPGSTAPPAHGVTSAPDTRPAPGSTAPPAHGVTSAPDTRPAPGSTAPPAHGVTSAPESRPAPGSTAPAAHGVTSAPESRPAPGSTAPAAHGVTSAPESRPAPGSTAPPAHGVTSAPDTRPAPGSTAPPSPRCHLGPGHQAGPGLHRPPSPRCHLGPGHQAGPGLHRPPSPRCHLGPGHQAGPGLHRPPSPRCHLGPGHQAGPGLHRPPSPRCHLGPGEQAGPGLHRARSPRCHLGPGEQAGPGLHRPPSPRCHLGPGHQAGPGLHRPPSPRCHLGPGHQAGPGLHRPPSPRCHLGPGHQAGPGLHRPPSPRCHLGPGHQAGPGLHRPPSPRCHLGPGHQAGPAGSTAPPAHGVTSAPDTRPAPGSTAPPAHGVTSAPDTRPAPGSTAPPAHGVTSAPDTRPAPGSTAPPAHGVTSAPDTRPAPGSTAPPAHGVTSAPDTRPAPGSTAPPAHGVTSAPDTRRAPGSTPAPGSTAPPAHGVTSAPDTRPAPGSTAPPAHGVTSAPDNRPALGSTAPPVHNVTSASGSASGSASTLVHNGTSARATTTPASKSTPFSIPSHHSDTPTTLASHSTKTDASSTHHSTVPPLTSSNHSTSPQLSTGVSFFFLSFHISNLQFNSSLEDPSTDYYQELQRDISEMFLQIYKQGGFLGLSNIKFRPGSVVVQLTLAFREGTINVHDVETQFNQYKTEAASRYNLTISDVSVSDVPFPFSAQSGAGVPGWGIALLVLVCVLVALAIVYLIALAVCQCRRKNYGQLDIFPARDTYHPMSEYPTYHTHGRYVPPSSTDRSPYEKVSAGNGGSSLSYTNPAVAATSANL	PAPGSTAPAAHGVTSAPESR,CHLGPGEQAGPGLHR,CHLGPGHQAGPGLHRPPSPR
XRVMAPRTLILLLSGALALTETWAGSHSMRYFSTSVSWPGRGEPRFIAVGYVDDTQFVRFDSDAASPRGEPREPWVEQEGPEYWDRETQKYKRQAQADRVNLRKLRGYYNQSEDGSHTLQRMFGCDLGPDGRLLRGYNQFAYDGKDYIALNEDLRSWTAADTAAQITQRKWEAAREAEQRRAYLEGTCVEWLRRYLENGKETLQRAEHPKTHVTHHPVSDHEASRRWNLPEVGSCGGAFWRRAEIHVPCSARGAAGAPHPE	YFSTSVSWPGRGEPR,YFSTSVSWPGR
MRVMAPRTLILLLSGALALTETWAGSHSMRYFSTSVSWPGRGEPRFIAVGYVDDTQFVRFDSDAASPRGEPREPWVEQEGPEYWDRETQKYKRQAQADRVNLRKLRGYYNQSEDGSHTLQRMFGCDLGPDGRLLRGYNQFAYDGKDYIALNEDLRSWTAADTAAQITQRKWEAAREAEQRRAYLEGTCVEWLRRYLENGKETLQRAEHPKTHVTHHPVSDHEATLRCWALGFYPAEITLTWQWDGEDQTQDTELVETRPAGDGTFQKWAAVVVPSGEEQRYTCHVQHEGLPEPLTLRWKPSSQPTIPIVGIVAGLAVLAVLAVLGAMVAVVMCRRKSSGGKGGSCSQAASSNSAQGSDESLIACKA	YFSTSVSWPGRGEPR,YFSTSVSWPGR
MRVMAPRTLILLLSGALALTETWAGSHSMRYFSTSVSWPGRGEPRFIAVGYVDDTQFVRFDSDAASPRGEPREPWVEQEGPEYWDRETQKYKRQAQADRVNLRKLRGYYNQSEDEDVWLRPGAGRAPPPRV	YFSTSVSWPGRGEPR,YFSTSVSWPGR
MRVMAPRTLILLLSGALALTETWAGSHSMRYFSTSVSWPGRGEPRFIAVGYVDDTQFVRFDSDAASPRGEPREPWVEQEGPEYWDRETQKYKRQAQADRVNLRKLRGYYNQSEDGSHTLQRMFGCDLGPDGRLLRGYNQFAYDGKDYIALNEDLRSWTAADTAAQITQRKWEAAREAEQRRAYLEGTCVEWLRRYLENGKETLQRAEHPKTHVTHHPVSDHEATLRCWALGFYPAEITLTWQWDGEDQTQDTELVETRPAGDGTFQKWAAVVVPSGEEQRYTCHVQHEGLPEPLTLRWKPSSQPTIPIVGIVAGLAVLAVLAVLGAMVAVVMCRRKSSGHFLPTGGKGGSCSQAASSNSAQGSDESLIACKA	YFSTSVSWPGRGEPR,YFSTSVSWPGR
MTPGTQSPFFLLLLLTVLTVVTGSGHASSTPGGEKETSATQRSSVPSSTEKNAVSMTSSVLSSHSPGSGSSTTQGQDVTLAPATEPASGSAATWGQDVTSVPVTRPALGSTTPPAHDVTSAPDNKPAPGSTAPPAHGVTSAPDTRPAPGSTAPQAHGVTSAPDTRPAPGSTAPPAHGVTSAPDTRPAPGSTAPPAHGVTSAPDTRPAPGSTAPQAHGVTSAPDTRPAPGSTAPTAHGVTSAPDTRPAPGSTAPPAHGVTSAPDTRPAPGSTAPPAHGVTSAPESRPAPGSTAPAAHGVTSAPESRPAPGSTAPPAHGVTSAPDTRPAPGSTAPPAHGVTSAPDTRPAPGSTAPAAHGVTSAPDTRPAPGSTAPQAHGVTSAPDTRPAPGSTAPPAHGVTSAPDTRPAPGSTAPPAHGVTSAPDTRPAPGSTAPPAHGVTSAPESRPAPGSTAPAAHGVTSAPESRPAPGSTAPAAHGVTSAPESRPAPGSTAPPAHGVTSAPDTRPAPGSTAPPAHGVTSAPDTRPAPGSTAPPAHGVTSAPDTRPAPGSTAPPAHGVTSAPDTRPAPGSTAPPAHGVTSAPDTRPAPGSTAPPAHGVTSAPDTRPAPGSTAPPAHGVTSAPDTRPAPGSTAPAAHGVTSAPESRPAPGSTAPAAHGVTSAPESRPAPGSTASPRCHLGPGHQAGPGLHRPPSPRCHLGPGHQAGPGLHRPPSPRCHLGPGHQAGPGLHRPPSPRCHLGPGHQAGPGLHRPPSPRCHLGPGHQAGPGLHRPPSPRCHLGPGHQAGPGLHRPPSPRCHLGPGHQAGPGLHRTPSPRCHLGPGHQAGPGLHPGPGLHRPPSPRCHLGPGHQAGPGLHRPPSPWCHLGPGQQARLGLHRPSSPQCHLGLRLCIRLSFYSGAQRHLCQGYHNPSQQEHSILNSQPPLYSYHPCQPHQDCQHSPHGTSSHLLQSQHFSPVVYWGLFLFPVFSHFKPPVFLSGRSQHRLLPRAAERHFNVFADLTRGFSGPLQYVQARICGGTIDSGLPRRYHQCPRRGDTVQSVNGSSLSIPDDLRRQRECAISFLCPVWGWGARLGHRAAGAGLCSGCAGHCLSHCLGCLSVPPKELRAAGHLSSPGYLPSYERVPHLPHPWALCAPQYRSPLEGFCRWWQQPLLHKPSSGSHFCQLV	PAPGSTAPAAHGVTSAPESR,CHLGPGHQAGPGLHRPPSPR
MTPGTQSPFFLLLLLTVLTVVTGSGHASSTPGGEKETSATQRSSVPSSTEKNAVSMTSSVLSSHSPGSGSSTTQGQDVTLAPATEPASGSAATWGQDVTSVPVTRPALGSTTPPAHDVTSAPDNKPAPGSTAPPAHGVTSAPDTRPAPGSTAPQAHGVTSAPDTRPAPGSTAPPAHGVTSAPDTRPAPGSTAPPAHGVTSAPDTRPAPGSTAPAAHGVTSAPDTRPAPGSTAPQAHGVTSAPDTRPAPGSTAPTAHGVTSAPDTRPAPGSTAPPAHGVTSAPDTRPAPGSTAPPAHGVTSAPESRPAPGSTAPAAHGVTSAPESRPAPGSTAPPAHGVTSAPDTRPAPGSTAPPAHGVTSAPDTRPAPGSTAPAAHGVTSAPDTRPAPGSTAPQAHGVTSAPDTRPAPGSTAPPAHGVTSAPDTRPAPGSTAPPAHGVTSAPDTRPAPGSTAPPAHGVTSAPESRPAPGSTAPAAHGVTSAPESRPAPGSTAPAAHGVTSAPESRPAPGSTAPPAHGVTSAPDTRPAPGSTAPPAHGVTSAPDTRPAPGSTAPPAHGVTSAPDTRPAPGSTAPPAHGVTSAPDTRPAPGSTAPPAHGVTSAPDTRPAPGSTAPPAHGVTSAPDTRPAPGSTAPPAHGVTSAPDTRPAPGSTAPAAHGVTSAPESRPAPGSTAPPAHGVTSAPDTRPAPGSTAPPAHGVTSAPDTRPAPGSTAPPAHGVTSAPDTRPAPGSTAPPSPRCHLGPGHQAGPGLHRPPSPRCHLGPGHQAGPGLHRPPSPRCHLGPGHQAGPGLHRPPSPRCHLGPGHQAGPGLHRTPSPRCHLGPGHQAGPGLHPGPGLHRPPSPRCHLGPGHQAGPGLHRPPSPWCHLGPGQQARLGLHRPSSPQCHLGLRLCIRLSFYSGAQRHLCQGYHNPSQQEHSILNSQPPLYSYHPCQPHQDCQHSPHGTSSHLLQSQHFSPVVYWGLFLFPVFSHFKPPVFLSGRSQHRLLPRAAERHFNVFADLTRGFSGPLQYVQARICGGTIDSGLPRRYHQCPRRGDTVQSVNGSSLSIPDDLRRQRECAISFLCPVWGWGARLGHRAAGAGLCSGCAGHCLSHCLGCLSVPPKELRAAGHLSSPGYLPSYERVPHLPHPWALCAPQYRSPLEGFCRWWQQPLLHKPSSGSHFCQLV	PAPGSTAPAAHGVTSAPESR,CHLGPGHQAGPGLHRPPSPR
MTPGTQSPFFLLLLLTVLTVVTGSGHASSTPGGEKETSATQRSSVPSSTEKNAVSMTSSVLSSHSPGSGSSTTQGQDVTLAPATEPASGSAATWGQDVTSVPVTRPALGSTTPPAHDVTSAPDNKPAPGSTAPPAHGVTSAPDTRPAPGSTAPQAHGVTSAPDTRPAPGSTAPPAHGVTSAPDTRPAPGSTAPPAHGVTSAPDTRPAPGSTAPAAHGVTSAPDTRPAPGSTAPQAHGVTSAPDTRPAPGSTAPTAHGVTSAPDTRPAPGSTAPPAHGVTSAPDTRPAPGSTAPPAHGVTSAPESRPAPGSTAPAAHGVTSAPESRPAPGSTAPPAHGVTSAPDTRPAPGSTAPPAHGVTSAPDTRPAPGSTAPAAHGVTSAPDTRPAPGSTAPQAHGVTSAPDTRPAPGSTAPPAHGVTSAPDTRPAPGSTAPPAHGVTSAPDTRPAPGSTAPPAHGVTSAPESRPAPGSTAPAAHGVTSAPESRPAPGSTAPAAHGVTSAPESRPAPGSTAPPAHGVTSAPDTRPAPGSTAPPAHGVTSAPDTRPAPGSTAPPAHGVTSAPDTRPAPGSTAPPAHGVTSAPDTRPAPGSTAPPAHGVTSAPDTRPAPGSTAPPAHGVTSAPDTRPAPGSTAPPAHGVTSAPDTRPAPGSTAPAAHGVTSAPESRPAPGSTAPAAHGVTSAPESRPAPGSTASPRCHLGPGHQAGPGLHRPPSPRCHLGPGHQAGPGLHRPPSPRCHLGPGHQAGPGLHRPPSPRCHLGPGHQAGPGLHRPPSPRCHLGPGHQAGPGLHRPPSPRCHLGPGHQAGPGLHRPPSPRCHLGPGHQAGPGLHRTPSPRCHLGPGHQAGPGLHPGPGLHRPPSPRCHLGPGHQAGPGLHRPPSPWCHLGPGQQARLGLHRPSSPQCHLGLRLCIRLSFYSGAQRHLCQGYHNPSQQEHSILNSQPPLYSYHPCQPHQDCQHSPHGTSSHLLQSQHFSPVVYWGLFLFPVFSHFKPPVFLSGRSQHRLLPRAAERHFNVFADLTRGFSGPLQYVQARICGGTIDSGLPRRYHQCPRRGDTVQSVNGSSLSIPDDLRRQRECAISFLCPVWGWGARLGHRAAGAGLCSGCAGHCLSHCLGCLSVPPKELRAAGHLSSPGYLPSYERVPHLPHPWALCAPQYRSPLEGFCRWWQQPLLHKPSSGSHFCQLV	PAPGSTAPAAHGVTSAPESR,CHLGPGHQAGPGLHRPPSPR
MTPGTQSPFFLLLLLTVLTVVTGSGHASSTPGGEKETSATQRSSVPSSTEKNAVSMTSSVLSSHSPGSGSSTTQGQDVTLAPATEPASGSAATWGQDVTSVPVTRPALGSTTPPAHDVTSAPDNKPAPGSTAPPAHGVTSAPDTRPAPGSTAPQAHGVTSAPDTRPAPGSTAPPAHGVTSAPDTRPAPGSTAPPAHGVTSAPDTRPAPGSTAPAAHGVTSAPDTRPAPGSTAPQAHGVTSAPDTRPAPGSTAPTAHGVTSAPDTRPAPGSTAPPAHGVTSAPDTRPAPGSTAPPAHGVTSAPESRPAPGSTAPAAHGVTSAPESRPAPGSTAPPAHGVTSAPDTRPAPGSTAPPAHGVTSAPDTRPAPGSTAPAAHGVTSAPDTRPAPGSTAPQAHGVTSAPDTRPAPGSTAPPAHGVTSAPDTRPAPGSTAPPAHGVTSAPDTRPAPGSTAPPAHGVTSAPESRPAPGSTAPAAHGVTSAPESRPAPGSTAPAAHGVTSAPESRPAPGSTAPPAHGVTSAPDTRPAPGSTAPPAHGVTSAPDTRPAPGSTAPPAHGVTSAPDTRPAPGSTAPPAHGVTSAPDTRPAPGSTAPPAHGVTSAPDTRPAPGSTAPPAHGVTSAPDTRPAPGSTAPPAHGVTSAPDTRPAPGSTAPAAHGVTSAPESRPAPGSTAPAAHGVTSAPESRPAPGSTAPRCHLGPGHQAGPGLHRPPSPRCHLGPGHQAGPGLHRPPSPRCHLGPGHQAGPGLHRPPSPRCHLGPGHQAGPGLHRPPSPRCHLGPGHQAGPGLHRPPSPRCHLGPGHQAGPGLHRPPSPRCHLGPGHQAGPGLHRTPSPRCHLGPGHQAGPGLHPGPGLHRPPSPRCHLGPGHQAGPGLHRPPSPWCHLGPGQQARLGLHRPSSPQCHLGLRLCIRLSFYSGAQRHLCQGYHNPSQQEHSILNSQPPLYSYHPCQPHQDCQHSPHGTSSHLLQSQHFSPVVYWGLFLFPVFSHFKPPVFLSGRSQHRLLPRAAERHFNVFADLTRGFSGPLQYVQARICGGTIDSGLPRRYHQCPRRGDTVQSVNGSSLSIPDDLRRQRECAISFLCPVWGWGARLGHRAAGAGLCSGCAGHCLSHCLGCLSVPPKELRAAGHLSSPGYLPSYERVPHLPHPWALCAPQYRSPLEGFCRWWQQPLLHKPSSGSHFCQLV	PAPGSTAPAAHGVTSAPESR,CHLGPGHQAGPGLHRPPSPR
MTPGTQSPFFLLLLLTVLTVVTGSGHASSTPGGEKETSATQRSSVPSSTEKNAVSMTSSVLSSHSPGSGSSTTQGQDVTLAPATEPASGSAATWGQDVTSVPVTRPALGSTTPPAHDVTSAPDNKPAPGSTAPPAHGVTSAPDTRPAPGSTAPQAHGVTSAPDTRPAPGSTAPPAHGVTSAPDTRPAPGSTAPPAHGVTSAPDTRPAPGSTAPAAHGVTSAPDTRPAPGSTAPQAHGVTSAPDTRPAPGSTAPTAHGVTSAPDTRPAPGSTAPPAHGVTSAPDTRPAPGSTAPPAHGVTSAPESRPAPGSTAPAAHGVTSAPESRPAPGSTAPPAHGVTSAPDTRPAPGSTAPPAHGVTSAPDTRPAPGSTAPAAHGVTSAPDTRPAPGSTAPQAHGVTSAPDTRPAPGSTAPPAHGVTSAPDTRPAPGSTAPPAHGVTSAPDTRPAPGSTAPPAHGVTSAPESRPAPGSTAPAAHGVTSAPESRPAPGSTAPAAHGVTSAPESRPAPGSTAPPAHGVTSAPDTRPAPGSTAPPAHGVTSAPDTRPAPGSTAPPAHGVTSAPDTRPAPGSTAPPAHGVTSAPDTRPAPGSTAPPAHGVTSAPDTRPAPGSTAPPAHGVTSAPDTRPAPGSTAPAAHGVTSAPESRPAPGSTAPAAHGVTSAPESRPAPGSTAPPAHGVTSAPDTRPAPGSTAPPSPRCHLGPGHQAGPGLHRPPSPRCHLGPGHQAGPGLHRPPQPTVSPRPRTPGRPRAPPPPQPTVSPRPRTPGRPRAPPPPQPTVSPRPRTPGRPRAPPPPQPTVSPRPRTPGRPRAPPHPQPTVSPRPRTPGRPRAPPRPRAPPPPQPTVSPRPRTPGRPRAPPPPQPMVSPRPRTTGPPWAPPPLQSTMSPRPQALHQAQLLLWCTTAPLPGLPQPQPARALHSQFPATTLILLPPLPAIAPRLMPVALTIARYLLSPPPITALLPSCLLGSLSFSCLFTFQTSSLIPLWKIPAPTTTKSCRETFLKCFCRFINKGVFWASPILSSGQDLWWYNLWPSEKVPSMSTTWRHSSISIKRKQPLDITRSQTSAVMCHFLSLPSLGLGCQAGASRCWCWSVFWLRWPLSISLPWLSVSAAERTTGSWTSFQPGIPTILASTPPTTPMGAMCPLAVPIVAPMRRFLQVMVAAASLTQTQQWQPLLPTC	PAPGSTAPAAHGVTSAPESR,CHLGPGHQAGPGLHRPPSPR
MTPGTQSPFFLLLLLTVLTVVTGSGHASSTPGGEKETSATQRSSVPSSTEKNAVSMTSSVLSSHSPGSGSSTTQGQDVTLAPATEPASGSAATWGQDVTSVPVTRPALGSTTPPAHDVTSAPDNKPAPGSTAPPAHGVTSAPDTRPAPGSTAPQAHGVTSAPDTRPAPGSTAPPAHGVTSAPDTRPAPGSTAPPAHGVTSAPDTRPAPGSTAPAAHGVTSAPDTRPAPGSTAPQAHGVTSAPDTRPAPGSTAPTAHGVTSAPDTRPAPGSTAPPAHGVTSAPDTRPAPGSTAPPAHGVTSAPESRPAPGSTAPAAHGVTSAPESRPAPGSTAPPAHGVTSAPDTRPAPGSTAPPAHGVTSAPDTRPAPGSTAPAAHGVTSAPDTRPAPGSTAPQAHGVTSAPDTRPAPGSTAPPAHGVTSAPDTRPAPGSTAPPAHGVTSAPDTRPAPGSTAPPAHGVTSAPESRPAPGSTAPAAHGVTSAPESRPAPGSTAPAAHGVTSAPESRPAPGSTAPPAHGVTSAPDTRPAPGSTAPPAHGVTSAPDTRPAPGSTAPPAHGVTSAPDTRPAPGSTAPPAHGVTSAPDTRPAPGSTAPPAHGVTSAPDTRPAPGSTAPPAHGVTSAPDTRPAPGSTAPPAHGVTSAPDTRPAPGSTAPPAHGVTSAPDTRPAPGSTAPAAHGVTSAPESRPAPGSTAPAAHGVTSAPESRPAPGSTAPPSPRCHLGPGHQAGPGLHRPPSPRCHLGPGHQAGPGLHRPPSPRCHLGPGHQAGPGLHRPPQPTVSPRPRTPGRPRAPPPPQPTVSPRPRTPGRPRAPPPPQPTVSPRPRTPGRPRAPPPPQPTVSPRPRTPGRPRAPPHPQPTVSPRPRTPGRPRAPPRPRAPPPPQPTVSPRPRTPGRPRAPPPPQPMVSPRPRTTGPPWAPPPLQSTMSPRPQALHQAQLLLWCTTAPLPGLPQPQPARALHSQFPATTLILLPPLPAIAPRLMPVALTIARYLLSPPPITALLPSCLLGSLSFSCLFTFQTSSLIPLWKIPAPTTTKSCRETFLKCFCRFINKGVFWASPILSSGQDLWWYNLWPSEKVPSMSTTWRHSSISIKRKQPLDITRSQTSAVMCHFLSLPSLGLGCQAGASRCWCWSVFWLRWPLSISLPWLSVSAAERTTGSWTSFQPGIPTILASTPPTTPMGAMCPLAVPIVAPMRRFLQVMVAAASLTQTQQWQPLLPTC	PAPGSTAPAAHGVTSAPESR,CHLGPGHQAGPGLHRPPSPR
MTPGTQSPFFLLLLLTVLTVVTGSGHASSTPGGEKETSATQRSSVPSSTEKNAVSMTSSVLSSHSPGSGSSTTQGQDVTLAPATEPASGSAATWGQDVTSVPVTRPALGSTTPPAHDVTSAPDNKPAPGSTAPPAHGVTSAPDTRPAPGSTAPQAHGVTSAPDTRPAPGSTAPPAHGVTSAPDTRPAPGSTAPPAHGVTSAPDTRPAPGSTAPAAHGVTSAPDTRPAPGSTAPQAHGVTSAPDTRPAPGSTAPPAHGVTSAPDTRPAPGSTAPPAHGVTSAPDTRPAPGSTAPPAHGVTSAPESRPAPGSTAPAAHGVTSAPESRPAPGSTAPPAHGVTSAPDTRPAPGSTAPPAHGVTSAPDTRPAPGSTAPAAHGVTSAPDTRPAPGSTAPQAHGVTSAPDTRPAPGSTAPPAHGVTSAPDTRPAPGSTAPPAHGVTSAPDTRPAPGSTAPPAHGVTSAPDTRPAPGSTAPAAHGVTSAPESRPAPGSTAPAAHGVTSAPESRPAPGSTAPPAHGVTSAPDTRPAPGSTAPPAHGVTSAPDTRPAPGSTAPPAHGVTSAPDTRPAPGSTAPPSPRCHLGPGHQAGPGLHRPPSPRCHLGPGHQAGPGLHRPPSPRCHLGPGHQAGPGLHRPPSPRCHLGPGHQAGPGLHRTPSPRCHLGPGHQAGPGLHPGPGLHRPPSPRCHLGPGHQAGPGLHRPPSPWCHLGPGQQARLGLHRPSSPQCHLGLRLCIRLSFYSGAQRHLCQGYHNPSQQEHSILNSQPPLYSYHPCQPHQDCQHSPHGTSSHLLQSQHFSPVVYWGLFLFPVFSHFKPPVFLSGRSQHRLLPRAAERHFNVFADLTRGFSGPLQYVQARICGGTIDSGLPRRYHQCPRRGDTVQSVNGSSLSIPDDLRRQRECAISFLCPVWGWGARLGHRAAGAGLCSGCAGHCLSHCLGCLSVPPKELRAAGHLSSPGYLPSYERVPHLPHPWALCAPQYRSPLEGFCRWWQQPLLHKPSSGSHFCQLV	PAPGSTAPAAHGVTSAPESR,CHLGPGHQAGPGLHRPPSPR
MTPGTQSPFFLLLLLTVLTVVTGSGHASSTPGGEKETSATQRSSVPSSTEKNAVSMTSSVLSSHSPGSGSSTTQGQDVTLAPATEPASGSAATWGQDVTSVPVTRPALGSTTPPAHDVTSAPDNKPAPGSTAPPAHGVTSAPDTRPAPGSTAPQAHGVTSAPDTRPAPGSTAPPAHGVTSAPDTRPAPGSTAPPAHGVTSAPDTRPAPGSTAPAAHGVTSAPDTRPAPGSTAPQAHGVTSAPDTRPAPGSTAPTAHGVTSAPDTRPAPGSTAPPAHGVTSAPDTRPAPGSTAPPAHGVTSAPESRPAPGSTAPPAHGVTSAPDTRPAPGSTAPPAHGVTSAPDTRPAPGSTAPAAHGVTSAPDTRPAPGSTAPQAHGVTSAPDTRPAPGSTAPPAHGVTSAPTRPAPGSTAPPSPRCHLGPGHQAGPGLHRPPPAPGSTAPPAHGVTSAPDTRPAPGSTAPPSPRCHLGPGHQAGPGLHRPPQPTVSPRPRTPGRPRAPPPPPAHGVTSAPDTRPAPGSTAPPSPRCHLGPGHQAGPGLHRPPSPRCHLGPGHQAGPGLHRPPQPTVSPRPRTPGRPRAPPPPPAHGVTSAPDTRPAPGSTAPAAHGVTSAPESRPAPGSTAPAAHGVTSAPDTRPAPGSTAPPAHGVTSAPDTRPAPGSTAPPAHGVTSAPDTRPAPRAPPPPQPTVSPRPRTPGRPRAPPPPQPTVSPRPRTPGRPRAPPPPPAHGVTSAPDTRPAPGSTAPPAHGVTSAPDTRPAPGSTAPPAHGVTSAPDTRPAPGSTPAPGSTAPPAHGVTSAPDTRPAPGSTAPPAHGVTSAPDNRPALGSTAPPVHNVTSASGSASGSASTLVHNGTSARATTTPASKSTPFSIPSHHSDTPTTLASHSTKTDASSTHHSTVPPLTSSNHSTSPQLSTGVSFFFLSFHISNLQFNSSLEDPSTDYYQELQRDISEMFLQIYKQGGFLGLSNIKFRPGSVVVQLTLAFREGTINVHDVETQFNQYKTEAASRYNLTISDVSVSDVPFPFSAQSGAGVPGWGIALLVLVCVLVALAIVYLIALAVCQCRRKNYGQLDIFPARDTYHPMSEYPTYHTHGRYVPPSSTDRSPYEKVSAGNGGSSLSYTNPAVAATSANL	PAPGSTAPAAHGVTSAPESR,CHLGPGHQAGPGLHRPPSPR
MTPGTQSPFFLLLLLTVLTVVTGSGHASSTPGGEKETSATQRSSVPSSTEKNAVSMTSSVLSSHSPGSGSSTTQGQDVTLAPATEPASGSAATWGQDVTSVPVTRPALGSTTPPAHDVTSAPDNKPAPGSTAPPAHGVTSAPDTRPAPGSTAPQAHGVTSAPDTRPAPGSTAPPAHGVTSAPDTRPAPGSTAPPAHGVTSAPDTRPAPGSTAPQAHGVTSAPDTRPAPGSTAPPAHGVTSAPDTRPAPGSTAPPAHGVTSAPDTRPAPGSTAPPAHGVTSAPESRPAPGSTAPAAHGVTSAPESRPAPGSTAPAAHGVTSAPESRPAPGSTAPPAHGVTSAPDTRPAPGSTAPPAHGVTSAPDTRPAPGSTAPPAHGVTSAPDTRPAPGSTAPPAHGVTSAPDTRPAPGSTAPPAHGVTSAPESRPAPGSTAPPAHGVTSAPESRPAPGSTAPAAHGVTSAPESRPAPGSTAPAAHGVTSAPESRPAPGSTAPPAHGVTSAPDTRPAPGSTAPPAHGVTSAPDTRPAPGSTAPPAHGVTSAPDTRPAPGSTAPPAHGVTSAPDTRPAPGSTAPPAHGVTSAPDTRPAPGSTAPPAHGVTSAPDTRPAPGSTAPPAHGVTSAPDTRPAPGSTAPPAHGVTSAPDTRPAPGSTAPAAHGVTSAPESRPAPGSTAPAAHGVTSAPESRPAPGSTAPRCHLGPGHQAGPGLHRPPSPRCHLGPGHQAGPGLHRPPSPRCHLGPGHQAGPGLHRPPSPRCHLGPGHQAGPGLHRPPSPRCHLGPGHQAGPGLHRPPSPRCHLGPGHQAGPGLHRPPSPRCHLGPGHQAGPGLHRPPSPRCHLGPGHQAGPGLHPGPGLHRPPSPRCHLGPGHQAGPGLHRPPSPWCHLGPGQQARLGLHRPSSPQCHLGLRLCIRLSFYSGAQRHLCQGYHNPSQQEHSILNSQPPLYSYHPCQPHQDCQHSPHGTSSHLLQSQHFSPVVYWGLFLFPVFSHFKPPVFLSGRSQHRLLPRAAERHFNVFADLTRGFSGPLQYVQARICGGTIDSGLPRRYHQCPRRGDTVQSVNGSSLSIPDDLRRQRECAISFLCPVWGWGARLGHRAAGAGLCSGCAGHCLSHCLGCLSVPPKELRAAGHLSSPGYLPSYERVPHLPHPWALCAPQYRSPLEGFCRWWQQPLLHKPSSGSHFCQLV	PAPGSTAPAAHGVTSAPESR,CHLGPGHQAGPGLHRPPSPR
MTPGTQSPFFLLLLLTVLTVVTGSGHASSTPGGEKETSATQRSSVPSSTEKNAVSMTSSVLSSHSPGSGSSTTQGQDVTLAPATEPASGSAATWGQDVTSVPVTRPALGSTTPPAHDVTSAPDNKPAPGSTAPPAHGVTSAPDTRPAPGSTAPQAHGVTSAPDTRPAPGSTAPPAHGVTSAPDTRPAPGSTAPPAHGVTSAPDTRPAPGSTAPAAHGVTSAPDTRPAPGSTAPQAHGVTSAPDTRPAPGSTAPPAHGVTSAPDTRPAPGSTAAPAHGVTSAPDTRPAPGSTAPPAHGVTSAPESRPAPGSTAPAAHGVTSAPESRPAPGSTAPAAHGVTSAPESRPAPGSTAPPAHGVTSAPDTRPAPGSTAPPAHGVTSAPDTRPAPGSTAPAAHGVTSAPDTRPAPGSTAPQAHGVTSAPDTRPAPGSTAPPAHGVTSAPESRPAPGSTAPPAHGVTSAPDTRPAPGSTAPPAHGVTSAPESRPAPGSTAPAAHGVTSAPESRPAPGSTAPAAHGVTSAPESRPAPGSTAPPAHGVTSAPDTRPAPGSTAPPAHGVTSAPDTRPAPGSTAPPAHGVTSAPDTRPAPGSTAPPAHGVTSAPDTRPAPGSTAPPAHGVTSAPDTRPAPGSTAPAAHGVTSAPDTRPAPGSTAPQAHGVTSAPDTRPAPGSTAPPAHGVTSAPDTRPAPGSTAPPAHGVTSAPDTRPAPGSTAPPAHGVTSAPDTRPAPGSTAPAAHGVTSAPDTRPAPGSTAPAAHGVTSAPESRPAPGSTAPPAHGVTSAPDTRPAPGSTAPPAHGVTSAPDTRPAPGSTAPPAHGVTSAPDTRPAPGSTAPPSPRCHLGPGHQAGPGLHRPPSPRCHLGPGHQAGPGLHRPPSPRCHLGPGHQAGPGLHRPPQPTVSPRPRTPGRPRAPPPPQPTVSPRPRTPGRPGSTAPPSPRCHLGPGHQAGPGLHRPPSPRCHLGPGHQAGPGLHRPPSPRCHLGPGHQAGPAGSTAPPAHGVTSAPDTRPAPGSTAPPAHGVTSAPDTRPAPGSTAPPAHGVTSAPDTRPAPGSTAPPAHGVTSAPDTRPAPGSTAPPAHGVTSAPDTRPAPGSTPAPGSTASPAHGVTSAPDTRPAPGSTAPPAHGVTSAPDNRPALGSTAPPVHNVTSASGSASGSASTLVHNGTSARATTTPASKSTPFSIPSHHSDTPTTLASHSTKTDASSTHHSTVPPLTSSNHSTSPQLSTGVSFFFLSFHISNLQFNSSLEDPSTDYYQELQRDISEMFLQIYKQGGFLGLSNIKFRPGSVVVQLTLAFREGTINVHDVETQFNQYKTEAASRYNLTISDVSVSDVPFPFSAQSGAGVPGWGIALLVLVCVLVALAIVYLIALAVCQCRRKNYGQLDIFPARDTYHPMSEYPTYHTHGRYVPPSSTDRSPYEKVSAGNGGSSLSYTNPAVAATSANL	PAPGSTAPAAHGVTSAPESR,CHLGPGHQAGPGLHRPPSPR
XSTKGPSVFPLAPCSRSTSGGTAALGCLVKDYFPEPVTVSWNSGALTSGVHTFPAVLQSSGLYSLSSVVTVPSSSLGTQTYTCNVNHKPSNTKVDKRVELKTPLGDTTHTCPRCPEPKSCDTPPPCPRCPEPKSCDTPPPCPRCPGKPAQASPSSSSSSSAPELLGGPSVFLFPPKPKDTLMISRTPEVTCVVVDVSHEDPEVQFKWYVDGVEVHNAKTKPREEQYNSTFRVVSVLTVLHQDWLNGKEYKCKVSNKALPAPIEKTISKTKGQPREPQVYTLPPSREEMTKNQVSLTCLVKGFYPSDIAVEWESSGQPENNYNTTPPMLDSDGSFFLYSKLTVDKSRWQQGNIFSCSVMHEALHNRFTQKSLSLSPGK	PAQASPSSSSSSSAPELLGGPSVFLFPPKPK,CPGKPAQASPSSSSSSSAPELLGGPSVFLFPPKPK
XSTKGPSVFPLAPCSRSTSGGTAALGCLVKDYFPEPVTVSWNSGALTSGVHTFPAVLQSSGLYSLSSVVTVPSSSLGTQTYTCNVNHKPSNTKVDKRVELKTPLGDTTHTCPRCPEPKSCDTPPPCPRCPEPKSCDTPPPCPRCPGKPAQASPSSSSSSSAPELLGGPSVFLFPPKPKDTLMISRTPEVTCVVVDVSHEDPEVQFKWYVDGVEVHNAKTKPREEQFNSTFRVVSVLTVLHQDWLNGKEYKCKVSNKALPAPIEKTISKTKGQPREPQVYTLPPSREEMTKNQVSLTCLVKGFYPSDIAVEWESSGQPENNYNTTPPMLDSDGSFFLYSKLTVDKSRWQQGNIFSCSVMHEALHNRFTQKSLSLSPGK	PAQASPSSSSSSSAPELLGGPSVFLFPPKPK,CPGKPAQASPSSSSSSSAPELLGGPSVFLFPPKPK
